Company Name,Sector,Funding,Funding Citations,AI Enabled,Category
23 century clinic,Biotechnology,"N/A. While its related entity, Beike Biotech, is described as a ""national high-tech enterprise,"" specific funding rounds (Series A, B, C, IPO), amounts, or investors for ""23 Century Clinic"" or ""23 Century International Life Science"" were not found.",23chealthcare.com: https://vertexaisearch.cloud.google.com/grounding-api-redirect/AUZIYQEdmXMCdg-Zpcm_eirplkf7rhixrxX-nUr-9ZEEJ9mLg7XmOF4-igUkOCulNKvlSTvSeysUPFB1uFwfgo8_ykmMRrVXhlsRJpkulEYzcWvK9Hyqm2r-ZkemkO1NRAav,No,"Other (Clinical Transformation and Technical Service of Biological Treatment Technology, Cell Manufacturing, Stem Cell and Immunology Treatment Clinical Applications)"
2seventy bio,"Biotechnology, Pharmaceuticals",N/A,businesswire.com: https://vertexaisearch.cloud.google.com/grounding-api-redirect/AUZIYQFJZOwqYkguCaaneTw_66vL4d7qwSKpx2NMw6nVs8x0Sgeto3yMmoaJ1gdsTXYEjrx3yBnQoS4WEqctYa6mMPr4lwujCQmDZDZcsqjUBYWKO-MgNuFi7KIOIxWFdU052M8vVuDPvdhS7NahpZxQmwCxZccqd5YsCNBxlzrH_ouKmKHWcO1ypvWoAabNj8IAq0G7CB4WHYlnouGAgXGAXxL7b2TjJ8msYj5ITxG7wuPwWK8MipouHBKo9gTiZrP-LNOz6feyTiLYr5aFFLcxpUstwJ-fCRMSRR55 | businesswire.com: https://vertexaisearch.cloud.google.com/grounding-api-redirect/AUZIYQFxz9-20XHB2t1RN3gnhP9bzuTOrYsh0rjsoHm_D34OZdweCAZjlKNDsVDvqchG2RSUL_A_Lf9jzVdNsh6TKgKUMdS-R7AcQm66B-00zfRbY2WFHrmjm0dfLbXc4Jg_p4gl6RsfO-qiJH08Fki7AbEMaJPdVhkAE9vLCA29DrNR2J5wuP0ES-sOENpiTIxFR1fVXUDbGRLZ7zrH58IRmgYlqOP6d6uOF3Jo9_h1tzx_lddVPaXGrH3uEm7tLIW9 | fundz.net: https://vertexaisearch.cloud.google.com/grounding-api-redirect/AUZIYQHMv6l5f_fQukobB-U80yoF7AJcfdbzN2m2JzCwSWb9O_ctMwBotMiLTa6tpwufdmC_6Y97rsv_IJuWrRSjwt3l3PDKMJPpxtXHs9IDjaT8bpW4rwl516xaYcLOpek6ZGyShFnoqDMGuZWIGbYNrU2YMRISI_0pVWJyVzc=,No,N/A
a2 biotherapeutics,N/A,N/A,tracxn.com: https://vertexaisearch.cloud.google.com/grounding-api-redirect/AUZIYQHJCqLvAUcU4nzrffxrTs0J0OTxZhALPJwJ4wAe5mcDfgxtOKtChzh-phHw0V7bUmT0t3C8CEQCIexWtZwq1EvPNU2kjO8smUIZh6Q0e6nHtx75RtmEAyDjL5Uj8iUz-Q0ubegN_2zydXe8Fu5nJX34cS0HdW9qxbz7NMKM6oh0EJtEj0v8PnZIK1YPlVqUjqcglE4YKC4XQSgD | pitchbook.com: https://vertexaisearch.cloud.google.com/grounding-api-redirect/AUZIYQHLrouOwyjpcoe_fN7Bs_nIZt2lf1Mv3o44R-0HJkrDI3U30EJHBntJRlACAfsGYSyhP-3UajXeWAsRvl6CjUDE631QOxDCcNOo51ahF7sbFhjn7W2ePK1K7X6HSVZCzHgOq5qDrHxOrH0Sew== | owler.com: https://vertexaisearch.cloud.google.com/grounding-api-redirect/AUZIYQEadh8dBHAzVoM5X2uX9YgZ-C40ZRUoIRnWAyqFXbiglRON7OPQdPbWA2V53lhT8JfBXvIaJt6XheWkPZhO40c1o_d7nxxsO6Lzp6NSa_739BMTSZYLA58xjaTY98xK,N/A,N/A
ahepa university hospital,"Other: AHEPA University Hospital is a large state-owned university general hospital in Thessaloniki, Greece, associated with the Aristotle University of Thessaloniki. Its primary focus is healthcare delivery, medical education, and clinical research across various medical and surgical specialties, including psychiatry.",N/A,cbn.com.cy: https://vertexaisearch.cloud.google.com/grounding-api-redirect/AUZIYQGfeRSCz5ltnNxZcJVM1m7N6fs9hDIMqkSXhWsgIqXdi8LaUuFcaWIb6R2OpfAtALSPes09cEEXy_2oe01nwNHwSFLNUuSiJzyluFGeUfOGEGAeqGeYDmBfw5nz9beZ42gJhC7u8erkD_G8AZIw4R-rWzwX4hcF7c9YQvGFjy50T4iebIoJ_plWOPp7bBZJyWnq9zHwy2FNa5-xmJeHKnT2r2AAe9RHCthKlEqTk-G2eVtIHLpDE_nlcBGWHvkBF7HnPVZlQcCfnXRbsA==,No,"Other: As a university hospital, AHEPA University Hospital engages in a broad range of clinical and medical research across its departments, including areas like neurology, neurosurgery, stroke, and hypertension. However, it is not structured as a commercial entity primarily focused on the specific stages of Early Drug Discovery (e.g., Hit Discovery, Lead Optimization) or Pre Clinical Development (e.g., In Vitro, ADME/Tox Profiling) as defined for pharmaceutical or biotechnology companies."
ahs cancercontrol alberta,Other (Public Health Service/Cancer Care Provider and Research),N/A,lethbridgenewsnow.com: https://vertexaisearch.cloud.google.com/grounding-api-redirect/AUZIYQFNpDFfTTDm0osxgd4AumJ2BdKvJyFubAWyaqXWzrfVtHkmVAfcN-Kkn-5rN7YKIuctRMD4iQ0xP43UixzVqdXpk_5YaoNK0G62ow2advIDUg5AJIOiEn6IrA5QNB8ce1V7A9QCnlcjS8qEBGDZCWBC1xciOS6ay5BS3oQDrTMl8gN-8MUj2vaNYbyc5RNPK_M3V7QKvOt25YpdYAZMnvvy | albertabusinessgrants.ca: https://vertexaisearch.cloud.google.com/grounding-api-redirect/AUZIYQGZ7aA0eIzw1IP8HrYBlriazu8YySY-gF_dmdL6aOcNub2871Me-iqGGABw3Hp8F3lbRrDc7PMKrpDiISds4aCMMfe0xK7d6Q5TDnzAZeFiMD-e6xnwM-fINTZ_cgUS6MLvhja0156pgGOTqXR_iv0Q1e-J3rqjXLixf8xlTtTrnQujet4bIrU5i2Q4aLWtM94ihoCK96BWbgcaR6pi_dnXSz27F1SdN_A-0xT61Jq-rkLddn4Q80SnU9sd-BVhAS-nxA== | alberta.ca: https://vertexaisearch.cloud.google.com/grounding-api-redirect/AUZIYQH-HW57yLMNDqXipYnKhxZ_wxSswepPuLf_8ESg6LixfkNKfCCPDDU6-oq1BvQ0NERlzFlJKWECnlloitVbBLKSQMHi_X95PKo3tLbXllP6xb7ZvrH4KeTnr4OJiGbRRuMo7v3Qa-djiw1VnSwjsXa6feyHXmOYNnFDvlgFxVTR5VhNxVpmngBNiT3j,Yes,"Other. AHS CancerControl Alberta is a division of Alberta Health Services, providing comprehensive cancer prevention, diagnosis, treatment, survivorship, and palliative care. Within its Cancer Research & Analytics portfolio, ""Experimental Oncology"" conducts discovery research into the differences between cancer and normal cells, which aligns with exploratory research. ""Cancer Epidemiology and Prevention Research"" focuses on population-based research, including cancer incidence, causes, prevention, early detection, morbidity, and mortality, utilizing molecular epidemiologic approaches."
apeiron biologics ag,"Biotechnology, Pharmaceuticals.","Its first funding round was on August 28, 2017, for an undisclosed amount.",ligand.com: https://vertexaisearch.cloud.google.com/grounding-api-redirect/AUZIYQG1t7j8NrXFoGq957_W4YzOSCN35XCiRDxGp1NHFhNupQw-coxu2Uc4K7zUy6kXXGg3yri3vmFaPUPIqcOEZ_mfzT6Tdj34Wsrr_KiqJ7d1ipshCh3zSXGuLKffM7tdpVKMI1L_UGd8nLyTehImsTBGFU0ZDWUAfqEjMLsUth8QdIQVka-AEQi81Y_Vecm265_70QSXp2OJQwY33X0PWSKoqnAya2MWc2VvZ_Fjs85ddBiyjht_pMBTWj7Buo0v6zTVkNEDSr3xh5_IIQs= | pitchbook.com: https://vertexaisearch.cloud.google.com/grounding-api-redirect/AUZIYQFdDUvLR-V8FocGfx6L5bimz3T2cCJ6qcFTwRzQg3HFKUju7tZZHkzKKINU9koFAbvdiJ8E1rjSJXeCYiScKwD4Q-H6vIT8shLDWKZZLYvLgz22TQrZCpw1R_T0n-fjdsUpkT-1YaWgfXfUlA== | americanpharmaceuticalreview.com: https://vertexaisearch.cloud.google.com/grounding-api-redirect/AUZIYQGmt3ZpQPlUHzqA9Ki2Ys-gNgB4wi2mFiRqM4eOOOCwoFvjz-evh9wdVizY7Lcxm4uCHXKu8XpEQ5RgVP3Fx9bcclWBVWxy6DNc4KBK3brX607TX80f1YmUH_0sBibhD2PraqCH9eH99bc4DPE4o0uYpiFOlO-p2wcCqbo9scn8mpXDjPpSj-VwvOemgWkvIP2EW4T_k4fau9abmNxaVz58bMvytxblmbL8,No,N/A
ar-med,N/A,N/A,pitchbook.com: https://vertexaisearch.cloud.google.com/grounding-api-redirect/AUZIYQHYxZObxjpPzWxMDAp500fwaigaubSiSvycO630MOBPII2W0nQW9ohO1zeu9PZLbc9vq5WKu1dbwP28yOe7lnEQyunfIJc-hjSXEemfmyJPYtxFWDS3LEddM7r3XQ5jzKKg0h9BfH0Ze5dzcw==,N/A,N/A
avrobio,"Biotechnology. Avrobio was a clinical-stage gene therapy company focused on developing lentiviral-based gene therapies for rare diseases. Following its merger with Tectonic Therapeutic in January 2024, the combined entity is a clinical-stage biopharmaceutical company developing GPCR (G-protein coupled receptor)-targeted therapeutic proteins.","$1.5 million in January 2016, from Atlas Venture.",globalventuring.com: https://vertexaisearch.cloud.google.com/grounding-api-redirect/AUZIYQECkyZei5zXaqRDpOhlkubtFppgPjgmzaBtH_sMGk4JrNmm6ol8sVtsCONc2jegrIOeUGSsuf4W9vtEroJ-v_jm7V56lBjNmtwmHAN3540q9dszTn7l8YLYh5SjcG1JW0k-y3JlaYlpvK9ky09vk__q | tracxn.com: https://vertexaisearch.cloud.google.com/grounding-api-redirect/AUZIYQFRtVsZrbBtO9insPK5lch51NqZLERx57rqXpsoz0nrC8f-fNmbac6EX97f2nsnFNv1Td_Quy6_nb7LNUOEm4n9IvlP35PG5ZbdkKhm5L2wUVqRlw0XJNObfo5JezTBurEo8ZOZygHBUY4gqRLQFtp02r0uJDNFQAN9Y-iCMbjfw73pAff9U9ND6f5ub1g1 | uhnresearch.ca: https://vertexaisearch.cloud.google.com/grounding-api-redirect/AUZIYQHn62H31pTnaQAAXtsIkK1z_LgJP2MZfW86uLXHVXrMpkOEoclHKUrI5t8KARzHqJSDhhV4JF668SqhLwNBD80ZiAZ17kcuR-JMcfq7o9_UUabHhyofHOevWOKO8iTw8F6ETUDDLqOwJxl1E8vz,No,N/A
aarhus university,N/A,N/A,tracxn.com: https://vertexaisearch.cloud.google.com/grounding-api-redirect/AUZIYQGobTVrLWmPbjDDmfnoUV9ckL5BEebPbAzVYm8valADG5XJlsDo2XaB35f_6tE5nai4vC2QfxIyUsU0yBh5U5mFdH6YEQQXJ72NKgCK65OztAikhVqAX4Ucwjn4c-WItgwMldZ2BUVuudhiaA7wx9QEDA5BYzqETDnI5x08Y-SPh0YKGc77V_tlghg4_k53XzO67TZaQQZ2Y0bL84uMmxMtK6BEIKTIAjNdyQYW0XsP | novonordiskfonden.dk: https://vertexaisearch.cloud.google.com/grounding-api-redirect/AUZIYQGDQFQoUKwju6ygRzgFAJKPr2-JaTLshhRJd5Dlq3wBWUisb6faRPi2P_i77g3YFIySMKd7cT5SkyRRozkmNlwYMnJwOnPomhrGY-gyYIOHQ3sRqhMXu2Xj9krxZYGSk5PbrWX_tfI1VuO5mlASvQtpkhUX4rWkm3Ya9LMRHhnQ0TJz73MffppzAJOdx1qiPVciqY5K_bFCeTh_uGpZdnqiLPhQ4RJ9LfPkROXobDSlXZ6sVoGjKZxs7Fa3ggOVn_jPJxcS0k1U_icbeyjD | globalventuring.com: https://vertexaisearch.cloud.google.com/grounding-api-redirect/AUZIYQE9lGFBkU1oBI56jDz-e_U83lWQCzeZIRqlxSHvB6vOLsO1HSTvk6WhxRhSPdkn3ywSPisnt9NTuVsE3ISFlzpGGKnwOwktWDto9Rlts3k1YNrmxLC0nn1oP5T8E9wbEQe0UwjkM1lJqmn_l4DeglA_t1KPdtzn9I1ERU8sFcsRuwPU8VysJ8D_M3FrFwyZAgSsOB46sUJqJy8exczlEw==,N/A,N/A
aarhus university hospital,Other (University Hospital & Research Institution),"The hospital's operations are funded through public sources, primarily the Central Denmark Region. Its overall budget for 2024 was DKK 7.93 billion (approximately $1.15 billion USD).",wikipedia.org: https://vertexaisearch.cloud.google.com/grounding-api-redirect/AUZIYQENwGZyT9SCKxtwLAGWdpzIOhUeEirbtf_abhTByMamZcWkDZFX4TR2__8Iy30rk9n8CML5ouOpZPSqH77oR-ug1DGoTO5p2auNZDEbZ70pEEDM4i_ep8JMCnkUx7-Ec31sBo2cqK5KhIItwMq8Welf0XjW | auh.dk: https://vertexaisearch.cloud.google.com/grounding-api-redirect/AUZIYQFxUTyKc82ZvCiGLrR1K6O6IZmFXjoeoXyg0A8Gj35k9Hecvcwn_wL1WSwXk1nKFqDXf6n46zY6y-7UG4YLCoTsc-aDYn9lqL3_m9lJWA4mvFy3hd71v3szE-sc0tHyqPjH2LF8UiOj-86EucGStp2NB1zz | au.dk: https://vertexaisearch.cloud.google.com/grounding-api-redirect/AUZIYQHbSyM7SudCeBTAxnIaYjDfO7crTHwoxuiT5LODmEuqz_15vv2Oqhn6gerh4D5zrDFaOpnc9K2DNHfAN6B8HKjB8nZzhExkMgT8Pc-WtHDpXaGXdlUhdE4MaPuVs-SHcj4BF7BwYKJvFBAwX4fThwDAIH-bzO_dByOmNBP98IencH1hxM3SdJAGH_r6PJN60D4BziFuIIcWIqk=,Yes,N/A
abclon,N/A,N/A,wikipedia.org: https://vertexaisearch.cloud.google.com/grounding-api-redirect/AUZIYQGK5AMwa3jkxFS7aJpfE-doMAdTkH2Od47t9V8dWvdyTolbZLFfaBKsESZFy-XcwZaxuJgvj-wKpo6u4Dv_xUg6ojEoXTzmPmaiutZm-jflHPDLwuoIXPvkLjlAwPE693R-7LsdZuyz5DBo65m5tAW7_rvt7g== | tctsaglik.com: https://vertexaisearch.cloud.google.com/grounding-api-redirect/AUZIYQFGcboQHdX4zoUOf_mjKBmWdspntyjJTxx4zAjU0uXqTBho0sM4ZLPPDc4apzioA6pvQ1tdpT1QT4Bn1i_dVNgYghKlix4zgHIJCSBbueNs5jNevO7twP_edPos5J6Q0oc7IMMrpQD0V7GQY0mb | abclon.com: https://vertexaisearch.cloud.google.com/grounding-api-redirect/AUZIYQE4PLcXeokqxf4LgJdNda9QMEtGUm890phkxry-bbeqNvqATR-1WQNI-GqTDLjut7MAwOTtN9NAK5-Qp6E-OqFG6v9OskaaRBm_tY3gggNRV_3ERCa9_JXuAz5_1Kg9H2EL,N/A,N/A
abata therapeutics,N/A,Some sources indicated a total of $110 million over 3 rounds.,abatatx.com: https://vertexaisearch.cloud.google.com/grounding-api-redirect/AUZIYQEuiYapYKq34IWNSrQHqK6L_M3rVu_mA42GlFUq4YXtoBhO5hmNIYgnQM2juApzho2rLhXPKBGIZvi6BXZd45b3jNK_AlhH2va6-O-EIyPvB7CaUS1CsDPwB2w= | businesswire.com: https://vertexaisearch.cloud.google.com/grounding-api-redirect/AUZIYQFpX9Z2l8GiwmzGJ7_gtLzu2nCP6-LrLcwEFShu9GfxP14eJGvKPhrRPy-LwgjDzllNNgk6Z3zauv5bHV4mtv6Wv62jpL-F1iYGO3btSFUlb4QQasOcFLqExTyPK9Zoa6bH2PSFpqKl9s0qm-euD4hm2A-bckqkqVtYXcH3jIJxAhJcbE3tPJGfanotSeS_Qc4EDp1ZDi_k0GzsNzv2UUKah5J8ElhNnKBPO9sQbjnML029eIoYq_Ebgqd9yB24gGBi9J0dXT6lSW4nzXyVH8BwPNaPaCNILq42jpOr-l0_PuVUH55EKuVCR5hi2Ix9KwHwrvZ-OZ2PlVR7wSG6TEmh2vSKc5xf_Xfv855v | lsvp.com: https://vertexaisearch.cloud.google.com/grounding-api-redirect/AUZIYQHbw0p_49ancZt7etudh_il31CBf14URJK2qd6HLuHOB-kBc2DGzF3t7Nil_vqo5MhytOrJrfhCgsFag-dID5GvqfwKZCguPAAi1UaFBp3sXLtoWEF31qv6rAzanieUt51i8HXMH16o,N/A,N/A
abelzeta,"Biotechnology, Pharmaceuticals",AbelZeta has raised a total of $120M.,pitchbook.com: https://vertexaisearch.cloud.google.com/grounding-api-redirect/AUZIYQGC252F3hX14XZk8YFpkATWPM8_nuFz56jdsRAnsdmMMWpkR68iw5w-I8fD-Wo9-G1h3YotnDRyKlckwS5MrbjpIl-Tvss-URKjrhKz_tC6ZzUaJ4JtIpudcKPg3sdyr7gvt8swaAsQvSm-,No,"Other (Clinical Development). Additionally, the company is involved in Early Drug Discovery (Lead Optimization, Molecule Design) and Pre Clinical Development (Pre Clinical Candidate Selection) for its pipeline, as it focuses on building its pipeline, optimizing assets, and selecting drug candidates."
abeona therapeutics,"Biotechnology, Pharmaceuticals","$25 million on July 3, 2023.",stockanalysis.com: https://vertexaisearch.cloud.google.com/grounding-api-redirect/AUZIYQGx2R801gcTPOjQyVFMulUESFHpngbgyhlOQRy6uF-rNz89yqI-aEMFE6aze8ysLZcNHjdg5lGzYXTFFgEMB86OcK0vfgwLvFrQbV9zhQf9M8vYHcFn4hkWVVwTmODkgfC1 | abeonatherapeutics.com: https://vertexaisearch.cloud.google.com/grounding-api-redirect/AUZIYQH764mjOi5x2d1t-KOsbE0uK_CDcLHVmTmHoenU-Nf6dHycW9F72e9Xcz_IOUZYr0Uy2Shnz3mLnvrYObSWQzQxkDjKNJT_Gv4vlJNvmEULJeTi_tYIv83VBK4GCGGireLulPr2fnb6h7NR7w4UCLEpjkz97Z1qk4apvT8Vm0_5UOQwL8F1NN2mZlGZQM-Or7IjqJ34gK4Eyp8y2Pqk-rWrUXSu6_AnutSbpySnlOhPtEuAEnAr8pnvog== | nasdaq.com: https://vertexaisearch.cloud.google.com/grounding-api-redirect/AUZIYQGYU77h99Y_T2QI96rwYxOvilrnmT_VG94Uoq725dthVbqy-d0lGlhi3DkCU2jQJYTgvIZ4AbZPmB3aiRRBCNTnMeRU2H3iIeMv2griwEhJNT3u1deLDVTdp1hUEeP19jHlynS-XCVOF1G8ZXRZXsiTAXEsz9kbOC2zEZ8t,No,N/A
abramson cancer center,N/A,N/A,mesothelioma.net: https://vertexaisearch.cloud.google.com/grounding-api-redirect/AUZIYQGEdZji0zadaujrzeSLQOEen2zUSyG4HkIqB3sxuMVx60DROa0KMDE1ZVrzGEKpky4i14oYCJyUDsLXGWiQoNRz7vb160hgJJqZONVznirJlI68ckcmp9MUB73fyr7hhDqgsb8O6EiRqMl1CuDPy8m9jkofJertwWp4l40P8mlJyvwk_z3h | hhs.gov: https://vertexaisearch.cloud.google.com/grounding-api-redirect/AUZIYQEJ_GyofRuNeZj8UXzS_1g46ZaPDPt-DOnJ3Z6vBllqiHTTWrQWKLGQvd1cKz1X5XAaJN7lqaafx_oYdgxGYzFsfEelSXBqh7psxvjeMgN5SaA5YbrE_eKvrCcMp7xaq2GANrYyXcyND0HLZ-1JEERB6Js-WzYc-32K3-8MhiJhvxDnrnAXK2W6OrQ21hO8cIhLPw== | nih.gov: https://vertexaisearch.cloud.google.com/grounding-api-redirect/AUZIYQGu3LkZXSe2JuX2o_J-7jkKw9Y85-J1k0pRUzUVRfpvH5MAawUYfIUMLqC-q3ya0myQj6EEEmzM0wdkRnA3H3zhtLXRqXv3xUs7aRGD925rPk7H_wUuV7_cvTY7Q-uCsOxt2JS7fTPdMlxZA4pDzXVN9Nq9GN3znlBQiOdds71PyEo3F5BJSzInPQ==,N/A,N/A
academic center for education culture and research,N/A,N/A,wikipedia.org: https://vertexaisearch.cloud.google.com/grounding-api-redirect/AUZIYQE9EKPXjHZGrzKq3idg37cLtO2fB72DFmEaCZH2kmkjHeT8UKac9awh_zegeGpqONg_2E2jbyFJ_L0Pnonsu57x3xLyJekqREI-k1e5VgxBv6vjV0vnWtRNESI6XXjPbsXjlnubthrpXlv0q4JF6CDWaTsrn7QKJGVFqVYbVmOu-NTL4NbFSMXdDdat0w==,N/A,N/A
acepodia,Biotechnology,Acepodia has raised a total of $256M to $259M over three rounds.,tracxn.com: https://vertexaisearch.cloud.google.com/grounding-api-redirect/AUZIYQGSBnff8KKlc5uear3wgtaYq6wte7WQsKzL8ZncgV6FIjVjt8fHf56hzxG51sRcliWKV2VTyH1H5Gg5rr0TTEQDkFVToCd7gRhXmuqy4PVFb0iTDHzukBtzs3mPOsr4HHgdDNGV_uqKRge5h15E8NidMmpSWcd4r3lE6YB_cCVa1HLqzBIZC-Vr1dsNKnt1Was= | tracxn.com: https://vertexaisearch.cloud.google.com/grounding-api-redirect/AUZIYQEb_gHOXiOfONsA0NwOt2cAn4-dLvpISyIk6FjklGgxU8F7DChgLI-ieU9h3wze2i63XIK2ky4C9XAthvXJuyGjVxaMPeSCcMYkOntQ4qtPARhKy4MnQskm8WES3xBo2QZw2eif-pVbpl1zdnDdl5srllEJUWiLfg5PWsGg1XMccy3zNG7QdtG1_Qecqr-TjZ_EJq7Qk4rG-WRPY5Gd_ka8o132bWHn | fiercebiotech.com: https://vertexaisearch.cloud.google.com/grounding-api-redirect/AUZIYQGb8MMHH4hVbbrjT2VuMy7CcyI14qwOaThccByoUZSebolwgDwdkO7vj0CyakrpDnFOMM1ueDZw4KGcBCnjFc2BdDWtRghYQQbVF-Q7FgKF0YKbtJ4WOcBHUBfc6kata_Vsqr70U8Zm2gIKt7j2Yr_jl61m6aDjd_G9N-7pqaBnGRQZl0P6jBSNhgSKS1QvFKn7YqwTmzngjuH_JnCuI4MB,No,"Pre Clinical Development (In Vitro, In Vivo)"
acer therapeutics,N/A,N/A,tracxn.com: https://vertexaisearch.cloud.google.com/grounding-api-redirect/AUZIYQGWyHsthRZqWusHi8sQiy_ciOMfVzOeW1uqCnHgGwv3R8J2-K8eBzJRJYkGwxQdUwYfToSC_LZjnpOn8qsznEN-tOxgQ7Eptt4O9ISIrL-TsVa1eepHPUBSCOpuLwbl30Bm5lIZdpj5_ruheFxgX-FAnjPyxPyecA7-TC2QXQXrVgro75UBF3_MpKTTsU-ivOxNvWWlRTycCBA= | biospace.com: https://vertexaisearch.cloud.google.com/grounding-api-redirect/AUZIYQEGdbYm1BaScNL_NM1yvUdeJUQWRp583tYvNlLG-jsSSarUR4_gvDnmL_66-Fznyd4j3KJSc2L_jC4oGo7Y6_6uD8fNCr5gopQwukzHnaeV4Vdb6tM7bF8bTTIhcjtJwp-MMfRnnu5dtU44rAKosAJXVv1wao7QcAAUV293i5Vf3Ga9-FOkZJlRgoNYzw== | tracxn.com: https://vertexaisearch.cloud.google.com/grounding-api-redirect/AUZIYQESv3JpCy0fhIks-jmjCKWenuUGJ5wK553xePT40vHIMUozcS5AgxCnD3pkURqeLly9Miqi8krEExJHtE6e3iZ7DhGOqBar3Nda_w4sfw_GGBZ0jBQq3TmfmzsjrlrrGsFT55U-apG97nzoibz-6RUIkmgGFYbEPzkZO9p69npd2jYnVGFBGbYelM5GhTCzMaGTQkTlr4Kn-DijCP-CiDFTCLiAa3MSH925YlTb_O-X,N/A,N/A
acesostem biostrategies,Biotechnology,"N/A (Chris Jo owns shares of AcesoStem Biostrategies Inc., but no public funding rounds or amounts for the company are available in the provided sources).",nih.gov: https://vertexaisearch.cloud.google.com/grounding-api-redirect/AUZIYQFRIFmb8M2IIVfGRDh5Hb81mUURWqX8YaoaFPpwM8fV3dwAnST8uVCAs3v4-feXmkG111YPkqYTABdWQehjs4p3jrvUCWoQOExDam5MBGkew_bjmTkL_ekir8Y-DMaBj4L_XmGIjtbqy1SquS3G,No,"Pre Clinical Development (In Vitro, In Vivo, Pharmacology)"
achilles therapeutics plc,N/A,N/A,tracxn.com: https://vertexaisearch.cloud.google.com/grounding-api-redirect/AUZIYQHv88f_9YUagry67ADW_nojc_zAJtrDQarRl_DvRwo6hv0s2OmXklhgyQWNyVqAs4PE7EnDhcF3rUTaUOidQeplF1oKpWnixHGMbBtSpWDIqMn9VRhwrWixK1WPn30wAsrd_jwlo1TqKTSBJ7Y6k7TWOWHp352x-O3cJhWcuDN_jiVFtaWKvxi-NsjTkKsiZ4LBmeJjHKh75OV-TWk= | tracxn.com: https://vertexaisearch.cloud.google.com/grounding-api-redirect/AUZIYQEvqo99npLBBS79bhcsqx0RcO-NumE52BBin7WPZ_KVmwnCaZ6IM0u2_6ati4pOiQjEByHQmsC3DtT_08Gxsq-iuN_FzAxaIyrbi6aC21wKNTkkXG999Gq5Dq7e5qug2AFfPI8aE0zCkK17XBzCuP7t-jb11Qhp3hzN8o9xs8vLzcGcQb38CkapXy2xNE2HAjy3iQCMQxWipNd2X7x4CAbN23QH-XQwAlPTn9LwJruvPLN5 | sec.gov: https://vertexaisearch.cloud.google.com/grounding-api-redirect/AUZIYQGJJvWVZhwJHvPK6FzXAGMa9SAn-0fyVxtA01Wey_61jOfVAwrt_7D_Zd_eXbyT4BqrRep1OO5HCWfOEiumx26eOheaZ5ACWPmfTnDr1gd97JtL8fQlZNWzKtPW12avpygkVpHlVycifnQn7LJxyi9yZINHBkLTfhKxFiEtS6mRj-MZBSG5aSmSOm4=,N/A,N/A
actitrexx gmbh,N/A,N/A,go-bio.de: https://vertexaisearch.cloud.google.com/grounding-api-redirect/AUZIYQHHd3MB8vejimGeLPQCm6Cf3WCLRYKkC8LskiJZFvyr4oxKT3Su43X_o98Z9sVCZpAEJnOatuqjvA7-X6c3zjE_tR8CQuxWn8c5XTHvam_pL1dtJNanqVVObh2XVS3c5k720e5MpcfeWRdkxBpknu3fYopFZKeEYW414Fbosw1ywvnwBonDLK_Ll8po_eidShsshO8JBWFxxCsEQclrzo8g98dI090-78k= | bionity.com: https://vertexaisearch.cloud.google.com/grounding-api-redirect/AUZIYQFvgAgj2VNtHITJaVEssFn3TtfkZG5rPCxlrLUp-5YL8w_6jmbOhn9Zz_OSK23VGBWRP2kWI0a_dPtYucLLIHxtZpq5b2ceWYF0o1tH5ZoWYoc2wlxnJmOtLmxSbULcTTNbK5O6mE5E-bHzegLAhdZb1jlG4JSrcpso33_wFP3DxHxezN57CN0cFtOP9EuPiiJc | tracxn.com: https://vertexaisearch.cloud.google.com/grounding-api-redirect/AUZIYQFUCYXeaZtdJRRpDyUOcNk5wDf9_v2yELb2f9qeTvNP65FTeZ8wpoQOy3FP-wEXjqN1WXqFuLOS7FvEtdg88WNt_rcLcSh_xZE0my9gbF5XaMWXhzqT0Ug6FWVUKQfRl0g5BFeWaBBkuy2s3c7BR-W-gjbmICK13iZEvd68XmBUckhYcX2YWWUaoi4Ea69GeeJD,N/A,N/A
adaptimmune therapeutics plc,Biotechnology,N/A,tracxn.com: https://vertexaisearch.cloud.google.com/grounding-api-redirect/AUZIYQHicxEV1bgMr71jy6GCkybsb65_5ClJ7gvDcJfugz3y6rIt0r9u5i_E1TGNWKmtOpc3lOkr79XOctwvzhN2jwIepD_7IoVzxRJVFwjnWvUCwU3V-sHBLW-IcWAhP-jvEdWc9JQU7WMWCJApactNGzzu1HddEPXBNTrXKcp6Wf__ofydmCvKXSrJjrpE77ScXgYp78fCnJmstEQ2z3BqM6YxbEbTqyc2n4Y= | contractpharma.com: https://vertexaisearch.cloud.google.com/grounding-api-redirect/AUZIYQG-EwPP85fa1r98MgTqHbQKZGpcYPDwwtKEpGg0LGVNTFJOHHfnTGdaI1YyiscYg_1OdW8LVuXbpOUE15zoxtQ0dba1EdnwiGYoBKd5rxqKt0vfgQJny2YzzeuzwXvgN3ZG30Fsui4slCfNE0vxvUOeGRW16aMAZvgukFwwTUvKaBlPdH5U9tqPe65jzxbkfv_qKwCxWJPZAgX2xDtsSA==,No,N/A
aderans research institute,Biotechnology (specifically Cell Therapy/Regenerative Medicine),N/A (for specific funding rounds for Aderans Research Institute).,hairmedclinics.com: https://vertexaisearch.cloud.google.com/grounding-api-redirect/AUZIYQF1daljuCulSihReBeF_p6EO6upJ13R-MH8XrRgjLCx7ZYk-O-84FhNRsd3YMyEdJITVQ62FqUpi5jeCULRbtLlHQ_gR13Du5305QnY73ky3mj1E4KjFtv1lEeqWwmT00xNXBaP-eThwzu7XOgr3-5oX-G6IC3PqHpedQR01uZh2VHE,No,"Pre Clinical Development (In Vitro, In Vivo, Pre Clinical Candidate Selection) Aderans Research Institute developed a cell therapy product for hair loss through its ""Ji Gami"" process, conducting Phase 1 safety trials and progressing to Phase 2 clinical efficacy trials. This involved culturing hair cells and injecting them for regeneration."
adicet bio,Biotechnology,N/A,N/A,No,N/A
adventhealth,N/A,N/A,philanthropynewsdigest.org: https://vertexaisearch.cloud.google.com/grounding-api-redirect/AUZIYQGGd0y6DxtrrdNmK8EyhN4Bzq4dnk2J81s-kApp5sc50yM3w_wNhI1LMrGa5ry1gZhW9NCIGAUXZFcQHGrMuIHPRHyZU_j06X34K-tDeYUeyYGlIo44vYmrru1-0b1VEcGXg4DuK7RHq6wmpz7wCb79h_LPvvIcIEsH8cO7ufUWFZpt4fszryi87L52friaoDRbt4sSrnw8YhXpm3oNUqwOj0p-BRI8pHhDhZ00ugjRNDZ7L5s9GLaByIUUyLqdqwVbDzOvLsyOTZIm4Z9mH0inNrk= | youtube.com: https://vertexaisearch.cloud.google.com/grounding-api-redirect/AUZIYQG3T7J6NnqML1DwFZmZ_qlwReztmSiqYL0Yg8sKG2UJPk5w91d18lKWvjKoULJq-pri3O60txFz141UUGLsVNnnfmn_SjGTRFFeLTeOwMNp7KKWpYYTLTfT7zpCDjbghw52XWN2HMY=,N/A,N/A
aeglestem therapeutics,Biotechnology,A pilot study of AGLE-102 in severe burns was funded by a grant from the Department of Defense. (Specific amount and date not available).,clinicaltrialsarena.com: https://vertexaisearch.cloud.google.com/grounding-api-redirect/AUZIYQHD8nm2Mfh1kRMFsAgyOI8zoy2Ur9VEG_QPiJ3Oc4R0xEWdorXk2_aKfU3YUj03gZR5ae15ikW7RgYF8CRWojSD4GCdST6YVIDmLVsPEfGqsDOQZ0UOSOnyudzJlcHvHNGrB3kyl6OZgX1u-jm70kZMuxdfV_v3ek4rtZbqhxI1Uv9D | exosome-rna.com: https://vertexaisearch.cloud.google.com/grounding-api-redirect/AUZIYQHwD9x00JD_J20nCtPPFr6nP7-vRJeJqomUmXoTTLMD7CsS9zxDyaMM5eg0flZc-8Rx89wf-LWTNLCjRjLqZCrtrYAq8HhcVZxiyaC3heWMHv04YLIRW2kqUIQ9bSHLQ0-2BWqDti4t3yensD405NLmU5NgK0OlvznzjKY-qz20J6KuMtOXTwUX8kViMN1szcdrtJBw4x4xhfk-o8o1E-9ejXzD8hRa545hedAyhl2gNnsT1Q== | privco.com: https://vertexaisearch.cloud.google.com/grounding-api-redirect/AUZIYQGjLiX-3N6TninA_hNADmwwVVv8ZZt0LMk0pyM-8lchOVSh2CkNLGbDj-MUBRRvXhZy4oendeIjkOr8Cyyfj5GNd5Eez8DyO4NMhyO7I7-QaRuO3zA7xaA3jWBlP8nWaR7Ke3I5G0u53F4ZTE9bpOBbwz-jp3wC745w849lVVm4jBITkyaecWChpJ3SgrOpu3bz5bfI,No,N/A
aesculap ag & . kg,Medical Devices,"Aesculap AG & Co. KG was acquired by B. Braun on June 1, 1996. It operates as a division of B. Braun, which is a privately-owned company. The company received an undisclosed amount in a Grant (prize money) round on January 1, 2018, from the European Union. Additionally, it received public funding of â‚¬75,943 in 2023/2024 for a project focused on optimizing energy efficiency and circular economy in additive manufacturing.",tracxn.com: https://vertexaisearch.cloud.google.com/grounding-api-redirect/AUZIYQG9MO19DPz_HWBdJHySrpoEDK67sLJ6Cxpyhax04uQlSN6YTXHEnfuJUdsBc4eS-97x9EHACtmV9_wO-KytihTbSDsblFAy3GNnbEycdnn5uryIFy4viM8BTqAQkqiMonpxbN2NSqeKAG3tMpstCJauTOeRABrpuQ_RL3Q5wwmAdIniaS8rNoYKma9D-uvPVUI= | northdata.com: https://vertexaisearch.cloud.google.com/grounding-api-redirect/AUZIYQFOPkVLv3GtvuG3cxg7XI-FmLCaQM5TVwe2vO2nExcUqMEbRXV9ZtF1cWFesoJ8W4q7L6689AHpEhKVr0cm7n22W9tnq_V-MwbO2g1-V-EQlc_PCEAWaVVEfnRK6cflHPIa8AM7a9ia6d7Is1SAMsXDvCt_CG-sFHxXzeFWLLNXmm0eiyzSDAmJ9piAhlhq5lO7LwgzWcaD,No,"Other (Manufacturing and distribution of surgical instruments, implants, and medical technology products.)"
aesculap biologics,N/A,N/A,N/A,N/A,N/A
affiliated hospital of nantong university,N/A,N/A,N/A,N/A,N/A
affiliated hospital of qingdao university,"Biotechnology, Pharmaceuticals, Medical Devices, Contract Research Organization (CRO)","N/A for typical company funding rounds (e.g., Series A, B, C, IPO).",qduh.cn: https://vertexaisearch.cloud.google.com/grounding-api-redirect/AUZIYQH4ZNvOQflEyTXHI0jjQAQSBMGjwIlhjiEbjuOPmnvsRaWZjUQJeUCjpu7BHUsOjeDESfwZA2tfzoJMILyOIiOOtNtD1UiI00A7hvHGzH7n9scYV9kXO1k= | chinadaily.com.cn: https://vertexaisearch.cloud.google.com/grounding-api-redirect/AUZIYQFO-x_ggB7RCbRAr4hgwCE-gIoHArWjLs2eBzlIMtxOmdtJVODEuRmByWGd9xDpcearubKSok7Ju6735CuETjbc4sgnIyg781jK4VZ3n7fxmtP0c_9vmfm7puZDaN621l0PmJe684aqLRwMT3RmwDQBtqpn,Yes,N/A
affiliated hospital of shandong academy of medical sciences,N/A,N/A,cucas.cn: https://vertexaisearch.cloud.google.com/grounding-api-redirect/AUZIYQF6WLksLui7cs50d6RooSRdrJjY_pAwn68-RjM3cxqiJXVBvNoXDtKHJLlyAr1go3jbYhU4rZiHYUaA2IsvJv4hzaGqNvbag6Sv77CGZXnM5rmqgl_x51JUFNvu80K6Aw== | nejmcareercenter.org: https://vertexaisearch.cloud.google.com/grounding-api-redirect/AUZIYQHs6Yu4s2t4hCWSL2QpOjemA7DW3bHDVoDaZmvs1JNa7CKGK_4Md9gOl3DvwEaoeIfOCkwZdJp00W7NGhcEOfCLntVwZdVBzw5K8B9LAMvT3j4UtEGBmxYaWfyyz8FVijCal8b0XyQWJegDqC1WeDyXhrGHVT_kfo_bwwxIJqrs_5AFt4xpGkzu7cbBItGjEUCR-RR2PYMbfS1ooeNHXaY0eERUCooRWALPDK5rcCX97PE= | cucas.cn: https://vertexaisearch.cloud.google.com/grounding-api-redirect/AUZIYQH3Pnu1zHbeqrmTPEv5bsI2devdhIEkBxf6OZpsqVNtQdulWSc5wzUlYQnoClo1t2ULLC7XQxnPVY28YJAjgHckpswK_Bu3fkxMhL6i7pk-REzi,N/A,N/A
affiliated hospital of xuzhou medical university,N/A,N/A,eaziline.com: https://vertexaisearch.cloud.google.com/grounding-api-redirect/AUZIYQF0khscqeYVuN86UU28w1osy23sVAtQR0WfVozMPB6MYDBRhGitwNFFh4EezcMunr39nT0GqTFjphD_JfoRBdEcdswCXLb1r7gBxTc_1znatbVOqTI8WC2AcXLQtXyGqmVQUEt-InsL0c8= | xzhmu.edu.cn: https://vertexaisearch.cloud.google.com/grounding-api-redirect/AUZIYQHyF8GicNGeMgUnAsSNPrEfHN_uRcaDkpt77Lw33WCmSHuL3nA8e_3s_3mSxqUMuw-Mi61H_vyMCu29HT_ScDbzjUoPU6YNGz00KMrprbCMj6MrumYT4ZaQkJWDNz5V8ETVUHej3mhy4Q== | jagvimal.com: https://vertexaisearch.cloud.google.com/grounding-api-redirect/AUZIYQHk1OL13VQK8WonBVqPdV4GIAt1V-CEP8srQdIXX0jJ8k9r_pWiY0JaiZodxT8HbyCjM1PZy0qIROZEDysZXB-v4LSwsrRu3gLr69BN3ewUbGT6JOBKyOtCfIQiv6pKyjKjnjaJS8Edhj-drOjvWkmy3jq_dFDD1CW1pQAXgX9iJoyOeJE=,N/A,N/A
affiliated hospital of zunyi medical university,Other (Healthcare Services and Medical Research/Education Institution),"N/A (for traditional company funding rounds like Series A, B, C, IPO).",frontiersin.org: https://vertexaisearch.cloud.google.com/grounding-api-redirect/AUZIYQHMVm4m4mR8_dUFz6MnVUnuyE6gaombhped6ocM5dUzjgV-iCzs26Ys8w9n3fIsxwWxEvF2sFiejSVmxqGotyxvG4qeUbA24dbfuo0j1OvRjek3eTpqM8J1yFjX3not4CMyzSwhR2wqHdunH07jx9XNjj26DBLjy2kdHTGhOF3pKFz7jhxVc7Saugjrl1NDB48=,No,Other (Medical Research and Clinical Development)
affini-t therapeutics,Biotechnology,N/A,pitchbook.com: https://vertexaisearch.cloud.google.com/grounding-api-redirect/AUZIYQFSEAh3juupSzah_tgw08-v7zC__-WNDmZkp562uWYqf7QIhRLcqgpzTrx2fU9vxsNaWLUjMrjZHf2UnxATaZ8iQTP5Mp9rw7k7RqAZl-rNmMgnBW39GuZJtK4MiOjq3wcYPtsKAAGHgcU2KA== | tracxn.com: https://vertexaisearch.cloud.google.com/grounding-api-redirect/AUZIYQFECJyvyPRjP3xZcc2VVWH-mLi4VFYMtZn2P5fhh_VlgGIO7drT56M4MJOygDv4RWKDHsaD4xt62KALXzl0daRtgMOlJRZd0HdCbQKC99bg35EBHd1L0jYQUhvlDmFdwFUQuSEXSWQ93jM1HsbbxksWouGmmdhsJ2apOB0gImmYsLWM1H_B2fZqpmjUh_AoVsYbvx6jOyPqMoRVS1s3 | tracxn.com: https://vertexaisearch.cloud.google.com/grounding-api-redirect/AUZIYQHH4Tx-3cK8X6S8aJ67U1pjZdQ7OrU0ehQdXus4pAi5GPjcRW3577Y3_75vSUtKrg0_r3Ddbs_JGC7mG38hM7kUu5wheuL16kMhttbMo10SKz7GXTv6CQNx-oWF7q946X5AbBPYikfEmWIRFEMJ0SCzFjr3kaXE39KFZeinPtxgABKGhRWAjNEYuBIf4C4ltEU8tAlGv6wszQQUe0VR5sBkExn61qKTUdkrqsM19qvDV5FCWg==,No,"Early Drug Discovery (Hit Discovery, Molecule Design, Exploratory Research), Pre Clinical Development (In Vitro, In Vivo, Pre Clinical Candidate Selection)"
affyimmune therapeutics,N/A,N/A,N/A,N/A,N/A
ageless biotech  (inactive),"Biotechnology, Pharmaceuticals",Ageless Biotech is an unfunded company and has not raised any funding yet.,tracxn.com: https://vertexaisearch.cloud.google.com/grounding-api-redirect/AUZIYQHL4F43sCXmyGM049CWqzMLPLs7KT3DJpy4QjNbP1dwG6iwM32qFcHm-IWFURsKTkGsYiXUZbz3ZJ-oUO6yaBslqqoAVB9-UqzhI2Zb902iflUQoh83shy_lqNPBX4Dq_4Hm4nqHQgE8GShKCDVlpbTt518S6chhhCOhbub1ECoLc565HtIoUoPEt5qzMBiSpT0c6gX8syM,No,Pre Clinical Development (Pre Clinical Candidate Selection)
ageless regenerative institute,Biotechnology (Ageless Biotech (ABT) is a biotech company focused on the development of adipose-based stem cell products and minimally manipulated fetal tissue-based regenerative medicine biologics.),"Ageless Biotech is currently an unfunded company, founded in 2019, and has not raised any funding rounds as of June 2025.",tracxn.com: https://vertexaisearch.cloud.google.com/grounding-api-redirect/AUZIYQGnOkGTBRup6MrT38mZn6kHYxDnMRHPVbHQK_WtyedfkHXdfTjUiuChx6Szohpp9v73okMbcNbrb-m1oJhntgzd4At6Gi99SExlmk-Mb2e9lnkJvaFFx5yY3QWImOBB-dqfFhcCKFS1NeBWCeufLvFxz5ciGKKHg3miQTxb7Ik0TJdpbLVE7CTWiTJvp5jL4fMSmiVm-u7g,No,"Other (Ageless Biotech is involved in the development and commercialization of innovative medicines, specifically advancing FDA-approved Phase 2b Multisite Clinical Trials for the treatment of osteoarthritis using stem cell-based therapeutics.)"
agostino gemelli university policlinic,"Other (Healthcare Provider and Research Institution). The Policlinic is deeply involved in patient care, innovative research, and medical training. It also has strong components related to Diagnostics (innovative diagnostics) and Digital Health.","In 2018, the Policlinic received over 14 million euros from externally funded research projects. Additionally, it received 1.4 million euros for internal university research and 6.5 million euros from clinical trials, totaling over 22 million euros for research activities.",policlinicogemelli.it: https://vertexaisearch.cloud.google.com/grounding-api-redirect/AUZIYQF6hWlgLDA-LAP0A8ALesQzoaq2Y5biD_6U6KP4lqnbIqsPiEKnfHDW8dgPhE6tPxdojolksfkzrfKAOjNRpSlbyvVJ4AS65KjCLv-UoDl7vMw-fzaLcH_0H16OaNEU_bLzjLZlCXbg-BTayVQyY1g212nCdByFQdqSog0ueTTGNrBGEChP,Yes,N/A
ahvaz jundishapur university of medical sciences,N/A,N/A,universityinsights.in: https://vertexaisearch.cloud.google.com/grounding-api-redirect/AUZIYQHuzjO3UZiJzUumLCpTxLSHhtA-EBkz3soF91KMts7sMEd4Gv_LJ58MquHYI4OQebKHZ6UaYZSCDmatmSlA_sXGCu2qSHh1HdkSKI8rGvi9AciYDNdJzkDAq-U2rzpLxv0Wx0n1pyQUJI8NyOj2s4G_3xcStfz1rkNWDCKr_4vRdKrVR6tok93O1PDgL2KkMzo70y-Yu-pOmWATLRcI | unirank.org: https://vertexaisearch.cloud.google.com/grounding-api-redirect/AUZIYQEv7h5OO7u8r-PXBIK2oUXNCUkBhIU75y2l7VDUWVfn6QLaCVup2pTgAGCjdEDXR6GGohc7klXAe4GpxpV4NmCL2X4XtREnltfkXhF-8VjeHvyVXFvwbNkMtwInCkX8sCUua4VaC-KJRoZ1etMk7UAlQcBE3BYk8TZ6t3sUBQY3Yb-xwDonKpFzThBf | timeshighereducation.com: https://vertexaisearch.cloud.google.com/grounding-api-redirect/AUZIYQHZlS-5FxLt_Ql7ahyoP5Zc2OzyQx_-GM9WFlgMOiAw3JKyTMZhzBtjZ3FCVvGkVrdmY_c7r3a9oox199KjsklrgLTMHo1QQHYTNjnorr8AucICo0meT4zMFFKQC94R3yhXWHCVEcHn0yD0E40W8P5D3_9JamAUrw3SIuveCZ92QIDhS1-UbRI34rachhyLhAiU5ykWEyO5F_XUD7wPs1Q8vx4hTI1DAGglOcLJKg==,N/A,N/A
aivita biomedical,Biotechnology,N/A,pitchbook.com: https://vertexaisearch.cloud.google.com/grounding-api-redirect/AUZIYQHeGZELKYlhJBFkkmOiknCgjng-f4fnvs43R6htHI3M8r_MxCYqcLOl8sVNNPEjr1w7WYLTeVO8MIvU3mm3CMyKOSa-Qa7x3o3L7lN95sioXWBoBLun0pMOmDbfIE5vv2IeA6qtRjrk8YHv | vcnewsdaily.com: https://vertexaisearch.cloud.google.com/grounding-api-redirect/AUZIYQGPn95fOw4CINyT83-a8L428Y9SGjNL9npTOXcWjuV-rJGOggNAde3_kZwv2C7uBNHPEbrw_GAUhhqiCHA8bZrckBSVcwflzs7eGQBwJlsV70EK5ZytInLCgyUjF6KryxFfnFNdBrzXLiQcu4gCyR8pj3fvnpvZskU4FA4N9QchMh9Ltz_lHw==,No,N/A
ain shams university,Other (Public University with significant research and educational contributions to Biotechnology and Pharmaceuticals),"Ain Shams University provides internal funding opportunities for research projects. For instance, projects involving a single faculty or department can receive 100,000 Egyptian Pounds (EGP), while collaborations between multiple faculties within the university can receive 300,000 EGP. Faculty members in engineering, pharmacy, science, medicine, computers and information, girls, and education have collectively received over 2 million EGP in the current funding call for proposed projects. These projects typically last for 12 months, with a possible six-month extension without additional funding. Additionally, researchers from Ain Shams University have been involved in EU-funded research projects. This funding represents research grants and internal university allocations, not commercial funding rounds (Series A, B, C, IPO) typical of a company.",asu.edu.eg: https://vertexaisearch.cloud.google.com/grounding-api-redirect/AUZIYQEgmn7KTJfIDENWgPHLTKmVkyq1I5-lOTsjtxWw5hHqsroWOfe6WKsVMSdrhf_ifxFzNYgmRzmBToor-5B0K0QjlZy_lqzFTZ3wOJchNFheBBBYrlCHd_jVnSEckpUrrpdqSZlvAUR7MQfeKqiugA9oRg24QtvjV1DbWFY5b95kAKnJBaG4bUBOxuW1QISN9LlVyvMPCMTRQw7IXAR2HymoCnNewAvRGTF4Q1K1u8ZV3KTl,Yes,N/A
air force military medical university hospital 1,N/A,N/A,digiedupro.com: https://vertexaisearch.cloud.google.com/grounding-api-redirect/AUZIYQFxRYOiYoNSoAzgpzak6o88pG7S8JHO8eb_8rzp-xXCA7Szu9wFgovkhfXj9IJOjisSzymtW4baUC9wAzgQxkmuFhGSYOAGMU-WJZ8O8Jmh77aesVGzvC2DqPUyAADmXaxWcrHwehMzHFJyxrCn0Tr1bZA=,N/A,N/A
akershus university hospital,N/A,N/A,wikipedia.org: https://vertexaisearch.cloud.google.com/grounding-api-redirect/AUZIYQHZSmI6d7bGHAPo912JegYzCjIKN0LuDwWgWCof73HqozQauOUw3MxelNsMbcT1lACrvGuRcdoGCpDc1EkSkmBm2WoORbryt5LyhcIvWYjhU8kqxOm1cBRnqY9mHoZbR_j6fnhCZTCMrSoqKjq9QnWCP7YiS7E= | uio.no: https://vertexaisearch.cloud.google.com/grounding-api-redirect/AUZIYQHw6Hi3ZHAWQNtPZIyw7sOxQ__xmbadIVNZjQEB_XY1nr88dWuvIuYHmDP2IG24oaIaLKLzY1j6jM0uT0uyEr3ztmL8YN2snxhg1UqGGWDO0EdnQh1Y80g25Vun8lOCHB3ei66ItkHBWop7eHunH4j3RxqdE3Ss6UhylXsH11CZTTv_IvHTm04sycAeL1ItYPI= | ahus.no: https://vertexaisearch.cloud.google.com/grounding-api-redirect/AUZIYQFhednBq2TcM9U3kBIlDraPqAVz5PvTflNyAsHm_WXPQJbdILIJ6XRubvMxNV8Ybf8cuRivOuuCMhCkKds6SGFA-rxUuEXSMSI-Tmc-Dh-pNZKGKdb_CcCZqNCkbxAGeEhxuVGtJbFR9CJj53aw-D6nBdntXDPuZLFPDp-K_PxHJX2fYo7R9NBg90bP4dbQk-numZcEfPd5LtzHQYU1fE3F2gSrcD0hRjM1QYWEraibkUk=,N/A,N/A
al-azhar university,"Pharmaceuticals, Biotechnology, Research Tools. Al-Azhar University has a Faculty of Pharmacy and a Department of Pharmaceutics & Pharmaceutical Industry, engaged in the development, production, and evaluation of drugs and pharmaceutical products. Its research encompasses biochemistry, microbiology, immunology, organic chemistry, and drug synthesis.","As a public university, Al-Azhar University is primarily funded by the government. It does not receive commercial funding in the form of Series A, B, C rounds, or an IPO. The university also offers various scholarships for students. While specific research projects may receive grants, typical company funding information is N/A.",alazhar.edu.ps: https://vertexaisearch.cloud.google.com/grounding-api-redirect/AUZIYQFbJ76Bq2MjHBXxZ4IW6vwOl6vB_GnFBFxQmlnnJR1aoVzpL8tFGEPT-WvM_Y8FX41md34hbrCiaR3lP9rmMnatv1Vs5p-0gS2Td9R-KnGI8Vyhw9gxhZuc8uOCnS4q-7zaTT8l6GcP30JY5_7SHgI= | alazhar.edu.ps: https://vertexaisearch.cloud.google.com/grounding-api-redirect/AUZIYQFpoZpr4iC7LM4Xxavw881cwS3BCRrZsVZFyBePitIdpylOxa07e9SGN-0QAZJoin5OV2s9BQiJdKaabeius-6L0j7rcVtknhj3dT-7WaSbVGaNunYA0JzZy8X1AhZYUTUIoCGVWPC1q5kmLW1LgFJyyqkIqJmYE5T7 | alazharpharmacy.com: https://vertexaisearch.cloud.google.com/grounding-api-redirect/AUZIYQHm15h1_0QUlJWfqwoFJRfcQ839X1wtm8YMis-_Uo_Cila3jHIve0f9joBwXCjxSJDNzI2sCXya2fQyfAudAW6Idi7CIbGNu-f6Yus0MTTieFUqPovmybtkW5w43ylsUei1_attDvlq,Yes,"Al-Azhar University's research and academic activities contribute to Early Drug Discovery and Pre Clinical Development. This includes areas such as hit discovery, molecule design, preclinical discovery, exploratory research, and studies involving in vitro and in vivo models, as evidenced by its publications and drug pipelines (some listed as ""Preclinical"" or ""Clinical"" phase)."
alaunos therapeutics,Biotechnology,N/A,globaldata.com: https://vertexaisearch.cloud.google.com/grounding-api-redirect/AUZIYQFsChglKNwl58Ce5UOUaho2UMPLlpJDj_y_6QZrZNjiuvySjg_k3TMn-1UyykR6J_rARu1nPBMqala512tVpkY95sOed5SsmM_VAR5x2e1gxToPEo6K8Xgd9w4PKvz-Vjt9u-xaAdLQV7sMR1T0LX6DsK8bBZRq0oI2cZvqhM0= | pitchbook.com: https://vertexaisearch.cloud.google.com/grounding-api-redirect/AUZIYQFe2Gwj4xhMP67fzAB_bZqx-zmT6VR_gRQU-e4pRGTQcSq9I7T5BnGkb7WoJ0NpHYqNMtoBgEuutUVh2-9L68T8WMvyqe7EciXSFWFaZYRGZthWfQ1RAe-nOaFM5L9WBDavtdi9O3V8T4o= | moomoo.com: https://vertexaisearch.cloud.google.com/grounding-api-redirect/AUZIYQFjRXPntrlOcUCBpG7okAg5Yz2fIOfks812kpdue1lFFegf0U9qT0Wzg-eyUOEfzJo0uwpIZfxk7TJZZkOH69TqfaRClqq0sn5W73fD8PtOV93Je-vL4T0GrcpQ4fXCg3BhgVLIlkg=,N/A,N/A
aleta biotherapeutics,N/A,N/A,tracxn.com: https://vertexaisearch.cloud.google.com/grounding-api-redirect/AUZIYQGSZxri72XVsYdtDd5hVyat4OyuSMDAeTSQM7-Si6uiCIzQ2-cfojT8ry1SQayM04g7ExHH7FGTannsXsba_k4InJl4tAEbBRmOl5AU5w2-LjOs6J7F6r79NuZtrbPG6cHrBiq3eisVNRgGPCs3tNa8uo88xNlRanJtTpPqG5aqXZgaGmCttZIZY1uvvJUoONXYTyV_gHzh28lPExTJ | leadiq.com: https://vertexaisearch.cloud.google.com/grounding-api-redirect/AUZIYQFBPEboMT1PC-y3HcXscefRWaS9AunW5EbVVBODH4s1973ef3Fj8Mi9DY6ZEjIJlCA3sbEPT0ZQw7MfpjQoGk1upvdHviGw4m8tAi-GrC2qErZG2G6oMaY2qhF8CLEF9Z-5u7Eq9JtY7Lm49G5SLhnSviaMDuR8fWmUTH_6ZKY= | tracxn.com: https://vertexaisearch.cloud.google.com/grounding-api-redirect/AUZIYQEhilFqkBMKMphaGPB-tKUys5L1G5PFn1ZcDcp0htIQBAjytNTgRY2M2PVLNP-6Srb-2afYzgW7Z7amEiEkEUIkdgc4KmseDj1wgIbPt7jBLhUuz4lvFx4EVoRO9996NpqnDqdZ5cbdjzH_qlizADE_L4U45dreNbTC0eF6dNw_UMnry9HplSaoBJ_imK-WKSPZDMxSgj7q3E_NnaTUebItQTbfWEA96dABWIfUkB7zeN67Mw==,N/A,N/A
alexander fleming institute,N/A,N/A,gsri.gov.gr: https://vertexaisearch.cloud.google.com/grounding-api-redirect/AUZIYQHmrhmLdD0ZCOBzYRKmwtL3odjFsO8jrMpMdZOdqXkNt-hPDwbtTSztVun8nekbiYKpOy8Jk9J1LkHSR4Z4c_k4VGUhY2fl6QOTXyjWYuyqYIaUx08_uWK5cRyV-HHYq2KHnmXAl8jWZdeHNPM6g5A8XWcyxtbHLw_DnIIW-KYmlasRh5csIUiv_cQO7riaDQ== | ersnet.org: https://vertexaisearch.cloud.google.com/grounding-api-redirect/AUZIYQEUQPyvbWauFh28EK9edIUXB1EICJZQTJuyNGp8RobcWUecYXFWJPCOFkeMzSGQtbs8xFS_flqEq8o3usmQwiNQ1Vi42gW9FFtnsyfkEdo-FXsDpTE4LOWtpBYR8nx7kfRXGPO_x0TBP68qmttgHWn3bgbGlRHSyUBiCCPuSO9v5z92SUPfEV-3jQUDOn0N7Gw=,No,N/A
algorae pharmaceuticals,N/A,N/A,pitchbook.com: https://vertexaisearch.cloud.google.com/grounding-api-redirect/AUZIYQGrgX4nTop4wOjodvWynpXCnQ8IvbcA3kR4c8sncfuCl2QCDxIelfjfau2sROXxlsQTlgmxYSoE1buSxHfs5UpuVSfgi54Xp1fGP1MNAXQdER54aaHTSAt0h2J3kunfvzg_aPlXaL1Y13Y= | futunn.com: https://vertexaisearch.cloud.google.com/grounding-api-redirect/AUZIYQEY9_pYk2LoBS0STbhMKGx9PbUfTC6a56AUh58x_UjDOZx7vcd3h_p2_VQ-5GpbRPLjJQIB01MLR97lL-JB9p1KmhAMJY4Mp8fFhhENL3H-_uCFtanlFqoMSSzean3sk20lYd3FcfbGB6w= | stockanalysis.com: https://vertexaisearch.cloud.google.com/grounding-api-redirect/AUZIYQEmOz3rI4m-U-xPjtjgC6wlX_LZboJoDWOvq8mgpdv33vUMYL5kbtAb2JOQHFTR-QcWZebHJA-wsgnnqihhk1HK0cMnqomqUHwX2FWMtg67ZAQHSzKxO0E7bAX5p057-cVJcLO4lBW2JQp0,N/A,N/A
all india institute of medical sciences,"Other (AIIMS is a group of autonomous government public medical universities and hospitals, providing medical education, patient care, and research in India).","Tracxn notes a Grant (prize money) round on February 1, 2018, for an undisclosed amount, with the European Union as an investor.",aiims.edu: https://vertexaisearch.cloud.google.com/grounding-api-redirect/AUZIYQFDRum8mwyqtCoJXfeiB_7GFuU5l6u8rF-jkNaEiQ3_PxAMIhFgBNA1bMybUzlivPNHAuQfgMr2GWEcvWZ1LTfvKQtfYSv57Kg8rd8VrF3XKmx7VBXYoeDS-QJ2zDqBqnkMzTJ1gnbY2N4o6Rg= | sansad.in: https://vertexaisearch.cloud.google.com/grounding-api-redirect/AUZIYQFU1fKfMw-CPM2SYlopwQoMikBDC5OmGDJLTfyWwpGyuG-0-bz_9rCLXzDlMsf7UhRPZ_nhhoDoXpcjkC4y59gbDR3snZUp3ozJGmvCMGRowk0Mhct9nBjiPBCtfdOnbbV7oeY3ScibbyFvza92Yy17TehIwdiOqI2qKWZVm2T-3lrI7UpPWQc= | wikipedia.org: https://vertexaisearch.cloud.google.com/grounding-api-redirect/AUZIYQHwE_dAiKYYkNUYggsFcU42ylU_mEu2mKSSPr5SjHI1PFVMWNOK8aK9TJcpV4uysB9mW0rrx7MDbEbEqDdZTnYQC0KBuuld526vI6D-2GqIPD7nWQ7IS95WgsplSz15kMLMnNWQcCv6eMJ1qrPBNfVH7zLrvedOe12RuENHuvoqAg==,Yes,"Other (All India Institute of Medical Sciences is a large academic and healthcare institution; however, its research activities encompass elements of drug discovery and development)."
all india institute of medical sciences bhopal,"Other (Medical Research, Education, and Healthcare Institute)",The institute also endeavors to obtain Corporate Social Responsibility (CSR) funding from both public and private companies.,indiascienceandtechnology.gov.in: https://vertexaisearch.cloud.google.com/grounding-api-redirect/AUZIYQHYiFMlMUaMFcCKAaSLctjRHq1Hd6dMk2N6L3iy6S52jrZUNpdEeV27eJR752PXsfeAUO9I9LTr33_SldmOdPuzL-glPO2vnq78afjTOzBvHCjKIYHnz33HTReeBgi5jKbGg23llFuEQA9jriRKcKGqJ4tfh7PNGmVEeNPwOUHfD-3JHUI3TvSSmOBn0si8MDclEi__fd6Rj3q9lmMJaxWc1IAwArFXikhkivVvoLXrk9i-e7biEgdgVrEFgyABMCpI29Ru5wo-ow== | wikipedia.org: https://vertexaisearch.cloud.google.com/grounding-api-redirect/AUZIYQFJN7_DtETPu7iqaPs1QNYVvgStkyyKALlEZtQBibe3kGaoWrXwNdLXKbIyGJWx8FAnW22nUIcDrYdZLBSfUIO8yASr45t58wJqv5UmoxQ41C_-syCQHRPTTrP6Klpp2vXclHPmc6ocE7a9KbuS8GIAjY2lW-JAR5NrIPchWxmWjb3fNMb-fHc= | shiksha.com: https://vertexaisearch.cloud.google.com/grounding-api-redirect/AUZIYQGeNaeLiSjEdPgSpUZ9BkbyCvsDHEomRkf-8_ml_8SbnSl3f320tqLxlu05gAj96KuiT12eWI0vNsJXcVCh-sg4Iyu8M1fW9GwDQ-b4Q2fNIb7h5FiXdT8R1lg7GiHm4VHJI5JsABYtavN6FgHVTWZ2yQUAVbj2R2DCZ9E5oFZcuh4WiDt4jNBCD5N7kEW7dLHAAE0qMZxq,Yes,N/A
alliancells bioscience,"Biotechnology, Pharmaceuticals","Alliancells Bioscience, possibly associated with ""Top Alliance Bioscience"", has one institutional investor: Fountain Forest Fund. Specific funding amounts, funding rounds (Series A, B, C, IPO), and dates of funding rounds for Alliancells Bioscience are not publicly available in the search results.",springer.com: https://vertexaisearch.cloud.google.com/grounding-api-redirect/AUZIYQF8R2R-dCTQ41luvJfzJuZIXvXWksB1JEAoi6zctSrfN4jo9YAr2Ux7EZ_oaJnhvvGEH3F0ngYL_o5OrliRicVWujKCv70reZTz1vY0co1vxDGOA8i3U-IsJNysiKvKE3DZZVftPBwf0M0vVw==,No,N/A
allife medical science and technology,N/A,N/A,crisprmedicinenews.com: https://vertexaisearch.cloud.google.com/grounding-api-redirect/AUZIYQE8JIGVGVP1l8_QdCTHD1RxLVoyg3Fa32bsdLuB3xyNfmKvGZSNOJ8Fgj-9nhUoE5hV-g7KkjbmbEsrsm9WY9A3R1pMoCtJiYcXlso2UGKqDTMvB-K-CsVN7AmU7XRILPyfZLo1TDqwDMyjdy1ZcsuC0i03AG52s4QoTMc3K2lfL3idAlgzVSK-A0szk1c=,N/A,N/A
allocure . (inactive),"Biotechnology, Pharmaceuticals",AlloCure raised a total of $47 million over 5 rounds.,tracxn.com: https://vertexaisearch.cloud.google.com/grounding-api-redirect/AUZIYQEpFutruyFNeNY-36pPBqpCsjxLO-1zloBNKTH34zidZyIM5U4jOz6S4WVJhjb2C0UgJZ6wkbIQtB3UKkhcx2UQcEVwazl0ZUxaaBoPcwb5AkRX4UulajeBEg6ptaCqd4wy76ROYaAJi_Wo4HcY1TJoquYPJdbVfBTnzniJoBOhxf1A3FaURhDqaAIFCeAkyw== | tracxn.com: https://vertexaisearch.cloud.google.com/grounding-api-redirect/AUZIYQGVOnuDint8Cx_QGgLIc1aiiYDUakmgeut51y3kbRkGS3N9W6cVkopzvtOotaUBo5gv371nxuZAAO_OHPH0UmogtG3n9nyTpIPCB7tgKUr6SG7wLqtCR5IkyR2D9TAcvtKyEzZv_2Qymh_Iivo1grKbneZWtjdKpqAEzDt00qUIJWrxa-4Bz14qEWfhrZqi1BC3TIrmZRHaAdgOTDDz2YBcBKDl_G8= | globalventuring.com: https://vertexaisearch.cloud.google.com/grounding-api-redirect/AUZIYQEt3D1kktKyGM9NQDfRdzkqrBDECFfdqpGhIA6ywfhdla2cg6I3s7D-rlz5Yo5bqqWS8l39MwjYSvxfJISnqm-w2ccnlEpN5lPVb-HRNG4PRaue0Pbv9Ca84K1Z8QpZe1YFCC_AxHkbhhFB,No,"Pre Clinical Development (Pre Clinical Candidate Selection). AlloCure was developing AC607, an allogeneic mesenchymal stem cell therapy for acute kidney injury, and had advanced it through a Phase 1 clinical trial and initiated a Phase 2 clinical trial."
allovir,N/A,N/A,tracxn.com: https://vertexaisearch.cloud.google.com/grounding-api-redirect/AUZIYQF8FwAedVGkWB3M3F6BOYZNOin1rHWSGzzZktaoUCacAqoiCNASYjI2_Fa6NXx6ws8fO2k21XqqnrRY7Nx4VMAgVC2N0OgI3EWASaETnk_-Un3PUj2_Hnppq0QSAM_qkqLKOj01szVxOn-rSx-m_0BWc3-KkjU5QbHmBOtmHZrVZbFztg_1AuqVabCqh_VeeQ== | tracxn.com: https://vertexaisearch.cloud.google.com/grounding-api-redirect/AUZIYQEbDz9ATyp4LjuUSPf0ZIQ0F-pwez76PIwyA1JJ4CdSsU-sAcifexWxtVOY_yDpSYKrtqkDjhMQX6DrJfwHNVqOpeQqXxyptmGx6bbW-NXYFzADKuEMAsjiD3Hw7PdvsumoyjmMm-GLR3_nHoOzVgLkfV-JrNKYAsdqkqGmFyuH3Z8kMTSZJB7tN6CNO9sVmdXCa8LIS20bt03AyTOss8_fp14SwSA= | globalventuring.com: https://vertexaisearch.cloud.google.com/grounding-api-redirect/AUZIYQGU01yFQbKooRhLbMDXuairWxLuggKO73VPxiN6LbAMEaqWw7kIXI5hEAkKmxOwaYraGc6PBIXT72p6XZF0dr4tIfVv5QJTy5bQX0hSIrWcOizaYthoJPQy7ee-6yChjcYI8qoI5Y4P1szR0d0bX_CM7LOb3CEGPQn1KdexNRojwatcFtcCvhTtTKs=,N/A,N/A
alloplex biotherapeutics,N/A,N/A,tracxn.com: https://vertexaisearch.cloud.google.com/grounding-api-redirect/AUZIYQFtA-TKxyygdabA7ad8takU9XEEuo3kBiUPA8dHZwvro-dva1COgOIe5Plw9n2_Wm4dips1sumE34fORUArc82pzv6otpMxtPqwBYqX1NTgqy3HTTmuxQTm6Ju3g2oIn-NZi666c0t6Zf7sq8gDd_HN9mKCgYhc6duT9bLQUcOJcCGDRGZSd9LKwzdg9SGtIYKrpPojxBz6uIxahR5ub8qe | pitchbook.com: https://vertexaisearch.cloud.google.com/grounding-api-redirect/AUZIYQFCINNhbR-Yy-Non0sy-7g0sdQCQHyjxt13qfu42eNSba0zwbYPpAoQqt06CCt8TRANeuJHSJOfHYPJTP3i9vWv0M8KE-iOUe72JNcNbMY-p6bCDNwywWZ7vliExC98VWm3NY5Utl1okcsyAA==,N/A,N/A
altheia science srl,N/A,N/A,tracxn.com: https://vertexaisearch.cloud.google.com/grounding-api-redirect/AUZIYQFxQJomla__HjIzXs0L9PZayy6GdYa5fFVYCr8sQsZ8LDNs02nNp2hhWAON0ZrRalJ534-W9fT2SOWgr4-Q-oQq3U52gmGnYEA9a3LkNwFmgRPZaX6KDeV4j7iYNWtbUj3BWErDGem1Oe8P5wYxqTWsqnkLBJZ7kSOARRv4iHcNg4Epn8vMRaDgh5PkEY_u81nfOixHGAw= | pitchbook.com: https://vertexaisearch.cloud.google.com/grounding-api-redirect/AUZIYQFQ5XQlJLjx7lcbPzTh4zddBdDsosDXpxO6oHWwkMGArtTSt2Wx4yxqTxpNDJx4kMDx9GaJzU5YG2-PNorWGhHcKkmwz6t_5phSWcuERBFeAjTF6OqgBAZ7nqlwrItaywBi8H9HY78p7uCB | tracxn.com: https://vertexaisearch.cloud.google.com/grounding-api-redirect/AUZIYQEgG0s5nZOraMT5OGni2B7gSgiZlijfMb7x9qx3BMDwEniUW51Mz0XtLxYTwOvJBr-XL1rdcqD0109_FBx-iiReHtNs1f8v7bn0IRN7jpYNKwF0osbrCR6Hhb-RJqXC43n9plNRl4CLK8AmiYVZSAAhK_OokwahTCcWvpSxnx8ZAmYM44iyhBMvIxwRCrdZJDSBYyI6OYV8aFXCKNKzCfxWH1MYMaRjHH9bRJLT,N/A,N/A
alzamend neuro,Biotechnology,N/A,tracxn.com: https://vertexaisearch.cloud.google.com/grounding-api-redirect/AUZIYQGRsF7PVf9-L5gt3OPzQq4aCsHnkJRyaQal0JhYki31VgFuZdzqMbDO1fTdgAofVM7T1Vc2muTAt37hJMbj-4NdlORCpXpjjbnCXApxhnsUaNDr6pMrmKAFqQZsRmU0-vKn1wpkEGV4BNNI9CtwjZK8a8cTfU3bky_D0I2nikQdUS2M3Y5kJM9DQXne0_M_dZkZraBjt_scS0etXTv4NDlEFSlbuys2Kt_Wfag= | tracxn.com: https://vertexaisearch.cloud.google.com/grounding-api-redirect/AUZIYQElCOmmArq8VIvX5oLhAxukArDASe5aHlRyhPHWtKfcKVC0ZS1_Mxzy9cew4R8F8eZjenVtQUwUjL4JvVyuLZYFoql3BcZG43aHe2635KMBwabDNHGmi0xHv3seNrWB9calD9LEQxCx0X4emWZ8T560Razk1mN3nhiXT6Q0z08VJuhNjgXcErgr0Vj1m7uaTfwiBUGp_g== | patsnap.com: https://vertexaisearch.cloud.google.com/grounding-api-redirect/AUZIYQFpKqAfHiTbkRepNKK-6O5CRcTgvzGvkF_ZB_UIsG6iQ8sGwtFanYlbw1XUnJuJrYTwhuV3BH0BvWfDGGGSBkeRnPvFlj-CNYJwB7G9Aynqos05cEzliASbiR3-3AY7cHH6t_PP9Bqd0k7Csf7vPzlqbvkfnVz74UYkP1b4-DGO_rimYQjwsRym-VSsx0AFfIqQBYY=,Yes,Other (Clinical Development)
american cryostem,"Biotechnology, Contract Manufacturing Organization (CMO)",N/A,stemcryo.com: https://vertexaisearch.cloud.google.com/grounding-api-redirect/AUZIYQENb3tsCxbp2wnGVzsDi_p1cZJpwkGQsUryIBx6J5KxhxwESDf-fIkjC-pzIRVB2gpAYxW9kdnatO6Ay5b0SBy35O3CbdD0CgZ8bSN2PkI-jVa0bN2kicb6WO8=,No,"Early Drug Discovery (Exploratory Research, Molecule Design), Pre Clinical Development (In Vitro, In Vivo, Pre Clinical Candidate Selection), Other (Bio-banking, Lab Services)"
american gene technologies international,N/A,N/A,tracxn.com: https://vertexaisearch.cloud.google.com/grounding-api-redirect/AUZIYQHwDohl6a5iBdOMgVQVeU30J8qvpN5VlhC2dW6R35mW7icL5DS-HOLHWdNvJatNEyeKRcG86N89QKFe3FWzVkDGatpVlGBO5gbcrl9HL3NTFeYvsKwLIWBIcfcdTrb_5UjUsaOlpZS-FDwk1tHOn_xZNlwjoFpTUFR4AyVtLTkaM6UBuf_0h9U1QPDYYRmolMzGYj0OGQ== | seedtable.com: https://vertexaisearch.cloud.google.com/grounding-api-redirect/AUZIYQG56HUCs0cIeKRrktIAfHvun0hNCTFE6jIfEADeQEJABEvAB7QyrfBNB9gT2Q2DSCWwqqFcMtkf-NEyOytuyatzZSYbiec6waFLHHGTo75fbR-gyiP9Ec5Dzga3m9iUEW2OdSuWQ9B3IcMWmnhh_n16xU21InOPYa7ghUMucn0PAQ== | pitchbook.com: https://vertexaisearch.cloud.google.com/grounding-api-redirect/AUZIYQHzAq6VNV6uiOJM0XaNxR7agwDrPN2lBfrWNcanAXCuySAy0Bs09ADx45ct8GyE0FhwQjhqXUxsmltrqZPZQeYMNYdjX1zggfY4sOj__lzsj2Im9LUD62gbAHSqf1xaoPUooZy3w5xaqPuW,N/A,N/A
amgen,N/A,N/A,tracxn.com: https://vertexaisearch.cloud.google.com/grounding-api-redirect/AUZIYQHBMy6sj_C0Cic5OzILJNu_7bl7-WDH1BgwfHHAlZodVa5LJr1eVAXj3OCI_iSQrSaSVCMv8Jiu-aWSv7WmEvLbfK10ByStNac6k_roy89SrkW_xVkGQIvkqspSZolYtH4HfYUOG_jkS9EZ8-iPFaCwFw9WiUsIdjuegYSwTI4ZYQ0AwEaxAvCJ81_e4xtY1Gh1Xgnefewas6BCchQWhHhoNR8= | tracxn.com: https://vertexaisearch.cloud.google.com/grounding-api-redirect/AUZIYQGe6JdZ9B1AKx2NlSyEx0nPZLHneS3tgdkuWdzUVORAuORjABucpUgdhxbGdOtwJUssz2NqAJ5GjE8oFIuJcMp5dhkwK9DboMPkDc6zxxVrFbMcRtVfTfBsfN_3zy074AXy-t1zLfjZjtX9-tQ2Ups8MDRe_AbK0zfEXsNK6A5pqUgyNSqBZoI7x3bv6w== | forbes.com: https://vertexaisearch.cloud.google.com/grounding-api-redirect/AUZIYQENv1hBbklBe-U5PY2tbHFg906Dp5bBMt1XNFpyBcQmMRATAEpVE6ayx8Q-DQQu90f6r1MVmqVO1gnkVcEnAZrwXEucjuls5_0GSQrZR3LL0Cuu0U2coQR-HSl-GxDNkuU5,N/A,N/A
