company_name,sector,funding,funding_citation,ai_enabled
university of santo tomas hospital,Others,Not Found,Not Found,No
university of sao paulo,Others,Not Found,Not Found,No
university of sarajevo,Others,Not Found,Not Found,No
university of sarajevo clinical center,Others,Not Found,Not Found,No
university of sargodha,Others,Not Found,Not Found,No
university of science &,Error,Error,Error,Error
university of science and technology of china hospital 1,Others,Not Found,Not Found,No
university of science and technology of china,Others,Not Found,Not Found,Yes
university of sciences techniques and technologies of bamako-mali-bamako,Biotechnology,"$471,216, Not Found",https://www.gatesfoundation.org/about/committed-grants/2021/12/inv001983,No
university of seoul,Others,Not Found,Not Found,Yes
university of seville,Others,Not Found,Not Found,No
university of sharjah,Others,Not Found,Not Found,No
university of sheffield,Others,Not Found,Not Found,Yes
university of sherbrooke,Others,Not Found,Not Found,No
university of sialkot,Others,Not Found,Not Found,No
university of sistan and baluchestan,Others,Not Found,Not Found,No
university of social welfare and rehabilitation sciences,Others,Not Found,Not Found,No
university of south australia,Others,Not Found,Not Found,No
university of south carolina,Others,Not Found,Not Found,No
university of south china hospital 1,Others,Not Found,Not Found,Yes
university of south china,Others,Not Found,Not Found,No
university of south-eastern norway,Others,Not Found,Not Found,Yes
university of southern california,Others,Not Found,Not Found,No
university of split,Others,Not Found,Not Found,No
university of split school of medicine,Others,Not Found,Not Found,No
university of sri jayewardenepura,Others,Not Found,Not Found,No
university of stirling,Others,Not Found,Not Found,Yes
university of strasbourg,Others,Not Found,Not Found,No
university of sumatera utara,Others,Not Found,Not Found,Yes
university of sussex,Others,Not Found,Not Found,No
university of sydney,Others,Not Found,Not Found,No
university of tabriz,Others,Not Found,Not Found,Yes
university of tampere,Others,Not Found,Not Found,No
university of tanta,Others,Not Found,Not Found,No
university of tasmania,Others,Not Found,Not Found,No
university of taubate,Others,Not Found,Not Found,No
university of technology sydney,Others,Not Found,Not Found,Yes
university of tennessee graduate school of medicine,Others,Not Found,Not Found,No
university of tennessee health science center,Others,Not Found,Not Found,No
university of tennessee medical center,Others,Not Found,Not Found,No
university of texas health science center at san antonio,Others,"$6.5M, Not Found",https://uthscsa.edu/,No
university of texas health science center at tyler,Others,"$80M, Not Found",https://www.uttyler.edu/about/health-ut-tyler.php,No
university of texas medical branch at galveston,Others,Not Found,Not Found,No
university of texas southwestern medical center,Others,Not Found,Not Found,No
university of texas system,Others,"$18M, Not Found",https://www.utsystem.edu/,No
university of texas at arlington,Others,Not Found,Not Found,No
university of texas at austin,Others,Not Found,Not Found,No
university of texas at dallas,Others,Not Found,Not Found,Yes
university of texas at san antonio,Others,Not Found,Not Found,Yes
university of tokushima,Not Found,Not Found,Not Found,Unknown
university of tokyo,Others,Not Found,Not Found,No
university of toledo - college of medicine and life sciences,Others,Not Found,Not Found,No
university of trieste,Others,Not Found,Not Found,No
university of tromso,Others,Not Found,Not Found,No
university of tsukuba hospital,Others,Not Found,Not Found,No
university of turin,Others,Not Found,Not Found,No
university of turku,Others,Not Found,Not Found,No
university of twente,Others,Not Found,Not Found,Yes
university of ulm,Others,Not Found,Not Found,Yes
university of ulsan college of medicine,Others,Not Found,Not Found,Yes
university of ulster,Others,"$45M, Not Found",https://en.wikipedia.org/wiki/Ulster_University,Yes
university of utah ,Others,Not Found,Not Found,No
university of utah,Others,Not Found,Not Found,Yes
university of valencia,Others,Not Found,Not Found,No
university of valparaiso,Others,Not Found,Not Found,No
university of vermont medical center inc,Others,Not Found,Not Found,No
university of versailles saint-quentin-en-yvelines,Others,Not Found,Not Found,No
university of veterinary and animal sciences,Others,Not Found,Not Found,Yes
university of vic - central university of catalonia,Others,Not Found,Not Found,No
university of virginia,Others,Not Found,Not Found,No
university of warwick,Others,Not Found,Not Found,No
university of washington school of medicine,Others,Not Found,Not Found,No
university of washington,Others,Not Found,Not Found,No
university of waterloo,Others,"$4.3M, Not Found",https://uwaterloo.ca/news/waterloo-researchers-awarded-more-43-million-0,Yes
university of western australia,Others,Not Found,Not Found,No
university of western states,Others,Not Found,Not Found,No
university of westminster,Others,Not Found,Not Found,No
university of wisconsin carbone cancer center,Others,Not Found,Not Found,No
university of wisconsin school of medicine and public health,Others,Not Found,Not Found,No
university of wollongong,Others,Not Found,Not Found,No
university of wolverhampton,Others,Not Found,Not Found,No
university of wurzburg,Others,Not Found,Not Found,No
university of wyoming,Others,Not Found,Not Found,No
university of yaounde,Others,Not Found,Not Found,No
university of york,Others,Not Found,Not Found,No
university of zagreb,Others,Not Found,Not Found,No
university of zimbabwe,Others,Not Found,Not Found,No
university of zurich,Others,Not Found,Not Found,Yes
university of the east ramon magsaysay memorial medical center,Others,Not Found,Not Found,No
university of the faroe islands,Others,Not Found,Not Found,No
university of the incarnate word,Others,Not Found,Not Found,No
university of the pacific,Others,Not Found,Not Found,No
university of the philippines manila,Others,Not Found,Not Found,No
university of the philippines system,Others,Not Found,Not Found,No
university of the punjab,Others,Not Found,Not Found,No
university of the ryukyus,Others,Not Found,Not Found,No
university of the sunshine coast,Others,Not Found,Not Found,No
univerza na primorskem,Others,Not Found,Not Found,No
unravel biosciences inc,Biotechnology,Not Found,Not Found,Yes
uppsala county council,Others,Not Found,Not Found,No
"uppsala university hospital;amsterdam umc, location vumc;uppsala university",Error,Error,Error,Error
uppsala university hospital,Others,Not Found,Not Found,No
uppsala university,Others,Not Found,Not Found,No
upstate medical university,Others,Not Found,Not Found,Yes
uptown eye specialists,Others,Not Found,Not Found,No
ural state medical academy,Others,Not Found,Not Found,Yes
uralbiopharm,Pharmaceuticals,Not Found,Not Found,No
urica therapeutics inc,Biotechnology,"$205M, Series A",https://drug-dev.com/fortress-biotech-urica-therapeutics-announce-crystalys-therapeutics-205-million-series-a-financing/,No
urigen pharmaceuticals inc,Pharmaceuticals,"$6.05M, Series A",https://tracxn.com/d/companies/urigen-pharmaceuticals/__li5o7YVy7_U-Stav3BGZgemNxcP6Dg1MgxCr2mT3S9Q,No
urmia dental clinic,Others,Not Found,Not Found,No
urmia university of medical sciences,Others,Not Found,Not Found,No
urology cancer center pc,Others,Not Found,Not Found,No
usolye-siberian chemical-pharmaceutical plant,Pharmaceuticals,Not Found,Not Found,No
usona institute,Pharmaceuticals,Not Found,Not Found,No
usynova pharmaceuticals ltd,Pharmaceuticals,"$31.44M, Series A",https://www.cbinsights.com/company/usynova,Yes
uttar pradesh university of medical sciences,Others,Not Found,Not Found,No
uttara adhunik medical college hospital,Others,Not Found,Not Found,No
uttarakhand ayurved university,Others,Not Found,Not Found,No
Uttarakhand Government Medical College,Others,Not Found,Not Found,No
uttarakhand state council for science and technology,Others,Not Found,Not Found,No
uzsoki hospital,Others,Not Found,Not Found,No
v. s. international pvt ltd,Pharmaceuticals,Not Found,Not Found,No
v.a. negovsky research institute of general reanimatology,Others,Not Found,Not Found,Yes
v.y.w.s. dental college & hospital,Others,Not Found,Not Found,No
va eastern colorado health care system,Others,Not Found,Not Found,No
va greater los angeles healthcare center,Others,Not Found,Not Found,No
va loma linda healthcare system,Others,Not Found,Not Found,No
va new york harbor healthcare system,Others,Not Found,Not Found,No
va office of research and development,Others,"$1.728B, Not Found",https://en.wikipedia.org/wiki/Veterans_Health_Administration_Office_of_Research_and_Development,No
va pittsburgh healthcare system,Others,Not Found,Not Found,Yes
va puget sound health care system,Others,Not Found,Not Found,No
vbi vaccines inc,Biotechnology,"$2M, Post IPO equity",https://www.linkedin.com/company/vbi-vaccines-inc,No
vcn biosciences sl,Biotechnology,"$4.7M, Acquired",https://therivabio.com/press_releases/synthetic-biologics-completes-acquisition-of-vcn-biosciences/,No
vg advantage endocrine diabetes and thyroid center,Others,Not Found,Not Found,No
vgi health technology limited,Biotechnology,"$2.5M, IPO",https://www.pittstreetresearch.com/vgi-health-technology,No
vgi health technology ltd,Biotechnology,"$2.5M, IPO",https://www.pittstreetresearch.com/vgi-health-technology,No
visn 17 center of excellence,Others,Not Found,Not Found,No
vistakon pharmaceuticals llc,Pharmaceuticals,Not Found,Not Found,No
vitrac therapeutics llc,Biotechnology,Not Found,Not Found,No
vl-medi oy,Others,Not Found,Not Found,No
vs pharmtech co ltd,Biotechnology,Not Found,Not Found,Yes
"vu university amsterdam;amsterdam umc, location vumc",Others,Not Found,Not Found,No
vumc cancer center amsterdam,Biotechnology,Not Found,Not Found,Yes
vvr international sarl,Others,Not Found,Not Found,Yes
vyne therapeutics inc,Biotechnology,"$88.15M, Acquired",https://simplywall.st/stocks/us/pharmaceuticals-biotech/nasdaq-vyne/vyne-therapeutics,No
vzw cardiovascular research center,Error,Error,Error,Error
vachira phuket hospital ministry of thailand public health,Others,Not Found,Not Found,No
vaderis therapeutics ag,Biotechnology,"$18.1M, Series A",https://www.swissbiotech.org/listing/vaderis-therapeutics-ag/,No
vaidya sane ayurved laboratories ltd,Pharmaceuticals,Not Found,Not Found,No
vaidyaratnam ayurveda college,Others,Not Found,Not Found,No
vaidyaratnam ayurveda foundation,Pharmaceuticals,Not Found,Not Found,No
vaidyaratnam p.s.varier ayurveda college kottakkal,Others,Not Found,Not Found,No
vajira hospital foundation,Others,Not Found,Not Found,No
valduce hospital,Others,Not Found,Not Found,No
valencia university clinical hospital,Biotechnology,"$1M, Not Found",https://www.incliva.es/en/clinical-trials/clinical-research-unit-stage-i-oncological/,Yes
valencian institute of oncology foundation,Others,Not Found,Not Found,Yes
valent technologies llc,Pharmaceuticals,Not Found,Not Found,No
valenta pharmaceuticals,Pharmaceuticals,Not Found,Not Found,No
valentec,Others,Not Found,Not Found,No
valiasr hospital,Others,Not Found,Not Found,No
validus pharmaceuticals llc,Pharmaceuticals,Not Found,Not Found,No
valiseek ltd,Biotechnology,Not Found,Not Found,No
vall d’hebron barcelona hospital campus,Others,Not Found,Not Found,No
vall d’hebron institute of research.,Biotechnology,Not Found,Not Found,Yes
vall d’hebron institute of research,Biotechnology,"$15M, Not Found",https://www.vallhebron.com/en/about-us/strategic-projects/new-vall-dhebron-research-institute-building,Yes
valleywise health,Others,Not Found,Not Found,No
valme university hospital,Not Found,Not Found,Not Found,Unknown
valneva austria gmbh,Biotechnology,"$215M, Post IPO Debt",https://www.linkedin.com/company/valneva,No
valneva se,Biotechnology,Not Found,Not Found,No
valo health llc,Biotechnology,"$300M, Series C",https://www.linkedin.com/company/valo-health,Yes
vana daru gostar,Pharmaceuticals,Not Found,Not Found,No
vance thompson vision,Others,Not Found,Not Found,No
vancouver coastal health,Others,Not Found,Not Found,No
vancouver general hospital,Others,Not Found,Not Found,No
vancouver infectious diseases centre,Others,Not Found,Not Found,No
vanda pharmaceuticals inc,Biotechnology,"$54M, Post IPO equity",https://www.linkedin.com/company/vanda-pharmaceuticals,No
vanderbilt school of medicine,Others,Not Found,Not Found,No
vanderbilt university medical center,Others,Not Found,Not Found,Yes
vanderbilt university,Others,"$20M, Not Found",https://vanderbilthustler.com/2025/10/12/in-photos-five-years-of-flavor-aasas-night-market-kicks-off-apida-month/,No
vanderbilt-ingram cancer center,Others,Not Found,Not Found,Yes
vandria sa,Biotechnology,"$30.7M, Series A",https://hevolution.com/en/web/guest/w/hevolution-foundation-and-dolby-family-ventures-join-vandria-s-2nd-series-a-closing-bringing-the-total-round-to-30.7m-chf-28.3m-to-progress-the-mitophagy-inducer-vna-318-into-cns-clinical-development,No
vaneltix pharma inc,Pharmaceuticals,Not Found,Not Found,No
vanessa biotech,Biotechnology,Not Found,Not Found,No
vanguard research group,Others,Not Found,Not Found,No
vanquish oncology inc,Biotechnology,"$6.94M, Convertible Note",https://www.cbinsights.com/company/vanquish-oncology,No
vanquish oncology inc (inactive),Biotechnology,"$2.25M, Seed",https://vanquishoncology.com/company/,No
vantage biosciences ltd,Biotechnology,Not Found,Not Found,No
vantive health llc,Others,"$1B, Acquired",https://finance.yahoo.com/news/baxter-kidney-care-now-vantive-120000045.html,Yes
vanworld pharmaceutical (rugao) company ltd,Pharmaceuticals,Not Found,Not Found,No
varazdin general hospital,Others,"$43M, Not Found",https://commission.europa.eu/projects/construction-and-fitting-out-general-hospital-varazdin-central-operating-block_en,Yes
vardanants center for innovative medicine,Others,Not Found,Not Found,No
varian medical systems inc,Others,"$16.4B, Acquired",https://en.wikipedia.org/wiki/Varian_Medical_Systems,Yes
varmx bv,Biotechnology,"$68.5M, Series B",https://nl.linkedin.com/company/varmx,No
varun arjun medical college & rohilkhand hospital,Others,Not Found,Not Found,No
varun arjun medical college &amp,Others,Not Found,Not Found,No
vasa therapeutics sp zoo,Biotechnology,"$2.3M, Not Found",https://www.newswise.com/articles/vasa-therapeutics-announces-upcoming-presentations-at-aha-scientific-sessions-2022,No
vascarta inc,Not Found,Not Found,Not Found,Unknown
vascular medical institute gallego sl,Others,Not Found,Not Found,No
vascular solutions llc,Others,Not Found,Not Found,No
vascular therapies inc,Biotechnology,"$24M, Series Unknown",https://www.linkedin.com/company/vascular-therapies,Yes
vascuros medical pte ltd,Others,Not Found,Not Found,Yes
vasodynamics ltd,Pharmaceuticals,Not Found,Not Found,No
vastra gotalandsregionen,Others,Not Found,Not Found,No
vasu healthcare pvt ltd,Pharmaceuticals,Not Found,Not Found,No
vaxcell biotherapeutics co ltd,Biotechnology,Not Found,Not Found,No
vecta ltd,Others,Not Found,Not Found,No
vector vitale inc,Pharmaceuticals,"$1.08M, Seed",https://tracxn.com/d/companies/vector-vitale/__lj5P5GgUcC0QeJlJiLCxj7Ek3e6nz0s1Fke3BJfevC0,No
vectura group plc,Pharmaceuticals,"$11.4M, Private Equity",https://uk.linkedin.com/company/vectura,No
vectus biosystems ltd,Biotechnology,"$5.1M, IPO",https://au.linkedin.com/company/vectus-biosystems,No
vedant hospital,Others,Not Found,Not Found,No
vedanta,Others,Not Found,Not Found,No
vedic lifesciences pvt ltd,Biotechnology,Not Found,Not Found,No
veeda clinical research ltd,Pharmaceuticals,Not Found,Not Found,Yes
veer chandra singh garhwali government medical science and research institute,Others,Not Found,Not Found,No
veer surendra sai institute of medical sciences and research,Others,Not Found,Not Found,No
vehbi koc foundation,Others,Not Found,Not Found,No
velammal medical college hospital and research institute,Others,Not Found,Not Found,No
velfarm,Pharmaceuticals,Not Found,Not Found,No
velpharm,Pharmaceuticals,"$30M, Not Found",https://globaltradealert.org/state-act/72065-russia-velpharm-secured-over-rub-3-billion-from-the-federal-and-moscow-governments,No
venatorx pharmaceuticals inc,Pharmaceuticals,"$42M, Series B",https://www.versantventures.com/portfolio/venatorx-pharmaceuticals,No
vendee hospital,Others,Not Found,Not Found,No
vendsyssel hospital,Others,Not Found,Not Found,No
venerable thawisak jutindharo hospital,Others,Not Found,Not Found,Yes
"veneto oncology institute irccs;department of surgical, oncology and gastroenterology sciences",Others,Not Found,Not Found,No
veneto oncology institute irccs,Others,Not Found,Not Found,No
venturemed group inc,Others,"$10M, Convertible Note",https://www.crunchbase.com/organization/venture-med-group,No
venturepharma inc,Pharmaceuticals,"$105M, Acquired",https://www.cvc.com/media/news/2012/2012-04-13-cvc-announces-investment-in-venturepharma-group-in-china/,No
ventus medical inc (inactive),Others,Not Found,Not Found,No
ventus therapeutics inc,Biotechnology,"$150K, Grant",https://www.crunchbase.com/organization/ventus-therapeutics,Yes
ventyx biosciences inc,Biotechnology,"$27M, Post IPO equity",https://www.crunchbase.com/organization/ventyx-biosciences,No
venus remedies ltd,Pharmaceuticals,Not Found,Not Found,Yes
veralox therapeutics inc,Biotechnology,"$24M, Series Unknown",https://www.linkedin.com/company/veralox-therapeutics,No
verb biotics llc,Biotechnology,Not Found,Not Found,Yes
verge analytics inc,Biotechnology,"$42M, Series Unknown",https://www.biospace.com/article/astrazeneca-paid-42-million-upfront-and-promised-840-million-in-milestones-to-partner-with-verge-genomics/,Yes
verge genomics,Biotechnology,Not Found,Not Found,Yes
verisfield (uk) ltd,Pharmaceuticals,Not Found,Not Found,Yes
veritas collaborative,Others,"$5.8M, Series Unknown",https://www.linkedin.com/company/veritas-collaborative-llc,No
veritas pharma inc,Pharmaceuticals,Not Found,Not Found,No
vernalis r&,Pharmaceuticals,Not Found,Not Found,No
vernalis r&d ltd,Pharmaceuticals,Not Found,Not Found,No
verona pharma plc,Biotechnology,"$10B, Acquired",https://www.merck.com/news/merck-to-acquire-verona-pharma-expanding-its-portfolio-to-include-ohtuvayre-ensifentrine-a-first-in-class-copd-maintenance-treatment-for-adults-and-expected-to-drive-growth-into-the-next-dec/,No
versailles hospital,Others,Not Found,Not Found,No
versantis ag,Biotechnology,"$16M, Series B",https://www.venturekick.ch/versantis,No
verseon corp,Pharmaceuticals,"$11.8M, Post IPO equity",https://www.linkedin.com/company/verseon,Yes
verso surgery centre,Others,Not Found,Not Found,No
versus arthritis trading ltd,Others,Not Found,Not Found,No
vertanical gmbh,Biotechnology,Not Found,Not Found,Yes
verva pharmaceuticals ltd (inactive),Pharmaceuticals,Not Found,Not Found,No
vesper bio aps,Biotechnology,Not Found,Not Found,Yes
vestre viken hf,Others,Not Found,Not Found,Yes
veta-grand,Others,Not Found,Not Found,No
vimrex gmbh,Biotechnology,Not Found,Not Found,No
vittoria biotherapeutics inc,Biotechnology,"$25M, Series Unknown",https://www.globenewswire.com/news-release/2024/11/12/2978833/0/en/Vittoria-Biotherapeutics-Completes-25-Million-in-Private-Financing-to-Propel-Groundbreaking-Cell-Therapy-Candidates.html,No
viana darou sanat pharmaceutical company,Error,Error,Error,Error
vianex sa,Pharmaceuticals,Not Found,Not Found,Yes
vickmans laboratories ltd,Pharmaceuticals,Not Found,Not Found,No
vicore pharma ab,Pharmaceuticals,"$10.04M, IPO",https://se.linkedin.com/company/vicore-pharma-ab,Yes
victor lazarte echegaray hospital,Others,Not Found,Not Found,No
victoria hospital bangalore,Others,Not Found,Not Found,No
vicuron pharmaceuticals llc,Pharmaceuticals,"$63.31M, Acquired",https://www.cbinsights.com/company/vicuron-pharmaceuticals,No
vidac pharma,Biotechnology,"$9M, Series A",https://il.linkedin.com/company/vidac-pharma,No
vidac pharma ltd,Biotechnology,Not Found,Not Found,No
vidarbha ayurved college,Others,Not Found,Not Found,No
vidhyadeep homoeopathic medical college and research centre,Others,Not Found,Not Found,No
vidya herbs pvt ltd,Biotechnology,Not Found,Not Found,No
viecuri medisch centrum voor noord-limburg,Others,Not Found,Not Found,No
vienna general hospital,Others,Not Found,Not Found,No
vietnam national children''s hospital,Others,Not Found,Not Found,No
vietnam national lung hospital,Others,"$1.5M, Not Found",https://www.federalregister.gov/documents/2022/02/04/2022-02412/notice-of-award-of-a-single-source-cooperative-agreement-to-fund-the-national-lung-hospital,No
vigonvita life sciences co ltd,Biotechnology,Not Found,Not Found,Yes
viiv healthcare company,Pharmaceuticals,Not Found,Not Found,No
viiv healthcare uk ltd,Pharmaceuticals,Not Found,Not Found,No
viiral nordic ab,Pharmaceuticals,Not Found,Not Found,No
vijayanagar institute of medical sciences,Others,Not Found,Not Found,No
"vilasrao deshmukh government medical college, latur",Others,Not Found,Not Found,No
villa von siebhental,Others,Not Found,Not Found,No
vilnius university,Others,Not Found,Not Found,Yes
vimgreen pharma ltd,Pharmaceuticals,Not Found,Not Found,No
vinayaka missions medical college and hospital,Others,Not Found,Not Found,No
vinayaka missions research foundation,Others,Not Found,Not Found,No
vinayaka mission’s kirupananda variyar medical college and hospitals,Others,Not Found,Not Found,No
vincentage pharma co ltd,Pharmaceuticals,Not Found,Not Found,No
vinmec healthcare system,Others,Not Found,Not Found,Yes
vion pharmaceuticals inc (inactive),Pharmaceuticals,"$2.37M, Not Found",https://www.inknowvation.com/sbir/companies/vion-pharmaceuticals-inc,No
vipharm sa,Pharmaceuticals,Not Found,Not Found,No
virchow group,Not Found,Not Found,Not Found,Unknown
virgin of the arrixaca university hospital,Not Found,Not Found,Not Found,Unknown
virginia clinical research inc,Not Found,Not Found,Not Found,Unknown
virginia eye consultants,Not Found,Not Found,Not Found,Unknown
virginia polytechnic institute and state university,Others,Not Found,Not Found,No
virinchi hospitals,Others,Not Found,Not Found,No
virinchi peoples hospitals,Others,Not Found,Not Found,No
viriom inc,Biotechnology,Not Found,Not Found,No
"virios therapeutics, inc",Pharmaceuticals,"$30M, IPO",https://www.marketbeat.com/stocks/NASDAQ/VIRI/,No
virogenics inc,Biotechnology,"$4.5M, Not Found",https://www.salk.edu/news-release/salk-team-launches-phase-i-clinical-trial-for-alzheimers-therapy/,No
virta health corp,Others,Not Found,Not Found,Yes
virtua health inc,Others,Not Found,Not Found,No
vishnu ayurveda college hospital,Others,Not Found,Not Found,No
vishnu dental college,Others,Not Found,Not Found,No
vishwaraj super speciality hospital,Others,Not Found,Not Found,No
vistagen therapeutics inc,Biotechnology,"$63M, Not Found",https://finance.yahoo.com/news/vistagen-therapeutics-inc-vtgn-eyes-075144761.html,No
vistapharm inc,Pharmaceuticals,Not Found,Not Found,No
visufarma spa,Pharmaceuticals,"$56.3M, Acquired",https://www.ophthalmologytimes.com/view/lupin-signs-definitive-agreement-to-acquire-visufarma,No
visus therapeutics inc,Pharmaceuticals,"$20M, Not Found",https://www.biospace.com/employer/2388558/visus-therapeutics,No
vitnovo australia pty ltd,Others,Not Found,Not Found,No
vita green europa sa,Pharmaceuticals,Not Found,Not Found,No
vita-salute san raffaele university,Others,Not Found,Not Found,No
vitabiotics pharmed co,Pharmaceuticals,Not Found,Not Found,No
vitaccess ltd,Biotechnology,Not Found,Not Found,Yes
vitaflo international ltd,Pharmaceuticals,Not Found,Not Found,No
vital healthcare pvt ltd,Pharmaceuticals,Not Found,Not Found,No
vitasang ltd,Pharmaceuticals,Not Found,Not Found,Yes
vitatops,Others,Not Found,Not Found,No
vitebsk regional clinical oncology center,Others,Not Found,Not Found,No
vito fazzi hospital,Others,Not Found,Not Found,No
vittore buzzi children''s hospital,Not Found,Not Found,Not Found,Unknown
viva vision biotech,Biotechnology,"$46M, Series E",https://tracxn.com/d/companies/vivavision-biotech/__vhlHcfhlvWnydjhdl_mANpsfThvEE-9H3qtHEX__iSY,No
vivacell biotechnology gmbh,Biotechnology,Not Found,Not Found,No
vivekananda dental college for women,Others,Not Found,Not Found,No
vivekananda institute of medical sciences,Others,Not Found,Not Found,No
vivent health,Others,Not Found,Not Found,No
vivesto ab,Pharmaceuticals,Not Found,Not Found,No
vivoryon therapeutics nv,Biotechnology,"$5.1M, Private Placement",https://finance.yahoo.com/news/vivoryon-therapeutics-n-v-successfully-184800588.html,No
vivozon inc,Pharmaceuticals,"$34.2M, IPO",https://en.yna.co.kr/view/AEN20251013009300320,No
vivus llc,Pharmaceuticals,Not Found,Not Found,No
viwit pharmaceutical co ltd,Pharmaceuticals,Not Found,Not Found,No
vlaamse vereniging voor obstetrie en gynaecologie,Others,Not Found,Not Found,No
vogenx inc,Biotechnology,"$10M, Series A",https://www.crunchbase.com/organization/vogenx,No
vokkaligara sanga dental college and hospital,Others,Not Found,Not Found,No
volastra therapeutics inc,Biotechnology,"$30.1M, Series Unknown",https://www.crunchbase.com/organization/volastra-therapeutics,Yes
vopec pharmaceuticals pvt ltd,Pharmaceuticals,Not Found,Not Found,No
voronoi group,Others,Not Found,Not Found,No
vseobecna fakultni nemocnice v praze,Others,Not Found,Not Found,Yes
vydehi institute of dental sciences and research centre,Others,Not Found,Not Found,No
vydehi institute of medical sciences and research center,Others,Not Found,Not Found,No
vyluma inc,Pharmaceuticals,Not Found,Not Found,No
w. l. gore & associates inc,Others,Not Found,Not Found,No
w. l. gore &,Others,Not Found,Not Found,No
wa centre for health & ageing,Others,Not Found,Not Found,No
wex pharmaceuticals inc,Pharmaceuticals,"$23M, Acquired",https://www.globenewswire.com/news-release/2024/10/07/2580000/0/en/Virios-Therapeutics-Inc-and-Wex-Pharmaceuticals-Inc-Announce-Business-Combination-to-Form-Dogwood-Therapeutics-Inc.html,No
wpd pharmaceuticals inc,Pharmaceuticals,Not Found,Not Found,No
wageningen university,Others,Not Found,Not Found,No
wageningen university and research centre,Others,Not Found,Not Found,No
waikato hospital,Others,Not Found,Not Found,No
wakamoto pharmaceutical co ltd,Pharmaceuticals,Not Found,Not Found,No
wakayama medical university,Others,Not Found,Not Found,Yes
wakayama medical university kihoku hospital,Others,Not Found,Not Found,Yes
wake forest baptist medical center,Others,Not Found,Not Found,No
wake forest university health sciences,Others,"$2.56B, Not Found",https://taggs.hhs.gov/Detail/RecipDetail?arg_EntityId=nFxzWNGJgR2DIWiiG6mPLw%3D%3D,No
wakemed health & hospitals,Others,Not Found,Not Found,No
wal-yan centre for respiratory research,Others,Not Found,Not Found,No
wallace pharmaceuticals pvt ltd,Pharmaceuticals,Not Found,Not Found,No
walter bushnell,Pharmaceuticals,Not Found,Not Found,No
walter reed army institute of research,Others,Not Found,Not Found,Yes
walter reed army medical center,Others,Not Found,Not Found,No
walter and eliza hall institute of medical research,Biotechnology,Not Found,Not Found,Yes
wan bond pharmaceutical group co ltd,Pharmaceuticals,Not Found,Not Found,No
wanbangde pharmaceutical group co ltd,Pharmaceuticals,Not Found,Not Found,Yes
wanbei coal and electricity group general hospital,Others,Not Found,Not Found,No
wangcang county people''s hospital,Others,Not Found,Not Found,No
wangjing hospital,Others,Not Found,Not Found,No
wanglintang pharmaceuticals co ltd,Pharmaceuticals,Not Found,Not Found,No
wannan medical college first affiliated hospital,Others,Not Found,Not Found,No
wannan medical college hospital 2,Others,Not Found,Not Found,No
wante pharmaceutical hainan co ltd,Pharmaceuticals,"$90M, Not Found",https://www.chemball.com/factory/q2eb2y/,No
warakukai incorporated medical institution,Others,Not Found,Not Found,No
warner chilcott company llc (inactive),Pharmaceuticals,"$8.5B, Acquired",https://www.prnewswire.com/news-releases/actavis-completes-warner-chilcott-acquisition-225944231.html,No
warsaw medical university,Others,Not Found,Not Found,No
washington dermatology center,Others,Not Found,Not Found,No
washington state university,Others,Not Found,Not Found,No
washington university school of medicine,Others,Not Found,Not Found,Yes
washington university in st. louis,Others,Not Found,Not Found,No
waterstone pharmaceutical (hk) ltd,Pharmaceuticals,Not Found,Not Found,No
waterstone pharmaceuticals (wuhan) ltd,Pharmaceuticals,Not Found,Not Found,No
waterstone pharmaceuticals inc,Pharmaceuticals,Not Found,Not Found,No
watim medical & dental college,Others,Not Found,Not Found,No
watson pharma pvt ltd,Pharmaceuticals,Not Found,Not Found,No
wayne state university,Not Found,Not Found,Not Found,Unknown
wayshine biopharma inc,Pharmaceuticals,"$2.5M, R01 Grant",https://www.linkedin.com/posts/bioseedin_raredisease-medical-clinicaltrials-activity-7119607502786236416-si5K,No
wecare probiotics co ltd,Biotechnology,"$10M, Series D",https://www.crunchbase.com/organization/wecare-probiotics,No
weifa asa,Pharmaceuticals,"$140M, Acquired",https://www.alpha.no/transactions?name=weifa-sold-to-aqualis,No
weifang maternal and child health hospital,Others,Not Found,Not Found,No
weifang medical university,Others,Not Found,Not Found,No
weifang second people''s hospital,Others,Not Found,Not Found,No
weight watchers international inc,Others,Not Found,Not Found,No
weightech (hunan) pharmaceutical co ltd,Pharmaceuticals,Not Found,Not Found,No
weihai central hospital,Others,Not Found,Not Found,No
weihai lotus pharmaceuticals co ltd,Pharmaceuticals,Not Found,Not Found,No
weihai municipal hospital,Others,Not Found,Not Found,No
weihai wendeng central hospital,Others,Not Found,Not Found,No
weill cornell medical college in qatar,Others,"$121.7M, Not Found",https://en.wikipedia.org/wiki/Weill_Cornell_Medicine_%E2%80%93_Qatar,Yes
weimo biotechnology (zhejiang) co ltd,Biotechnology,Not Found,Not Found,No
weishen pharmaceutical technology (shanghai) co ltd,Pharmaceuticals,"$85.5M, IPO",https://www.yicaiglobal.com/star50news/2025_03_286809224181897494531,Yes
weishengyuan xiamen biotechnology co ltd,Biotechnology,Not Found,Not Found,No
weite pharmaceutical co ltd,Pharmaceuticals,Not Found,Not Found,Yes
weizmann institute of science,Others,Not Found,Not Found,Yes
welex laboratories pvt ltd,Pharmaceuticals,Not Found,Not Found,No
wellspan health,Others,Not Found,Not Found,No
wellstat therapeutics corp,Biotechnology,Not Found,Not Found,No
wenjiang district people’s hospital of chengdu,Others,Not Found,Not Found,Yes
wenchang city people''s hospital,Others,Not Found,Not Found,No
wenling chuangxin biomedical technology co ltd,Biotechnology,"$72.8M, Not Found",Not Found,No
wenling innovation biopharmaceutical technology co ltd,Not Found,Not Found,Not Found,Not Found
wenling maternal and child health care hospital,Error,Error,Error,Error
wenzhou central hospital,Others,Not Found,Not Found,Yes
wenzhou haihe pharmaceutical co ltd,Pharmaceuticals,Not Found,Not Found,No
wenzhou medical university hospital 5,Others,Not Found,Not Found,No
wenzhou medical university hospital one,Others,Not Found,Not Found,No
wenzhou medical university,Others,Not Found,Not Found,Yes
"wenzhou people""s hospital",Others,Not Found,Not Found,No
wenzhou people''s hospital,Others,Not Found,Not Found,No
wenzhou third clinical institute affiliated to wenzhou medical university,Others,Not Found,Not Found,No
werteks pharmaceutical co,Pharmaceuticals,Not Found,Not Found,No
wesley hospital,Others,Not Found,Not Found,No
wesley medical research ltd,Others,Not Found,Not Found,Yes
west anhui health vocational college,Others,Not Found,Not Found,No
west bengal health & family welfare department,Others,Not Found,Not Found,No
west cancer institute,Others,Not Found,Not Found,Yes
west china college of stomatology sichuan university,Others,Not Found,Not Found,No
west china hospital of sichuan university,Others,Not Found,Not Found,Yes
west china hospital of stomatology,Others,Not Found,Not Found,No
west china hospital,Not Found,Not Found,Not Found,Unknown
west china school of nursing,Others,Not Found,Not Found,No
west german center of diabetes and health,Others,Not Found,Not Found,No
west lisbon hospital center,Others,Not Found,Not Found,No
west point jilin pharmaceutical technology development co ltd,Pharmaceuticals,"$10.2M, IPO",https://tracxn.com/d/companies/jilin-west-point-pharmaceutical-technology/__PRFoNg4XXxqwxa4BR5S82DDtC45iePX-U8__tKP6VuQ,No
west virginia university school of medicine,Others,Not Found,Not Found,No
west wales general hospital,Others,Not Found,Not Found,No
west of scotland lymphoma group,Others,Not Found,Not Found,No
westat inc,Others,Not Found,Not Found,Yes
westchester medical center,Others,Not Found,Not Found,No
western colorado university,Others,Not Found,Not Found,No
western health pty ltd,Others,Not Found,Not Found,No
western institute for veterans research,Biotechnology,Not Found,Not Found,Yes
western kentucky heart and lung,Others,Not Found,Not Found,No
western michigan university homer stryker md school of medicine,Others,"$300M, Not Found",https://en.wikipedia.org/wiki/Western_Michigan_University_Homer_Stryker_M.D._School_of_Medicine,No
western pennsylvania hospital,Others,Not Found,Not Found,No
western sydney local health district (australia),Others,Not Found,Not Found,No
western university of health sciences,Not Found,Not Found,Not Found,Unknown
westlake eye specialists,Others,Not Found,Not Found,No
westlake pharma inc,Pharmaceuticals,Not Found,Not Found,Yes
westlake university,Others,Not Found,Not Found,No
westphalian wilhelms-university,Others,Not Found,Not Found,No
westside medical associates of los angeles,Others,Not Found,Not Found,No
whan in pharm co ltd,Pharmaceuticals,Not Found,Not Found,No
white life science co ltd,Others,Not Found,Not Found,No
white river junction va medical center,Others,Not Found,Not Found,No
whitecap biosciences llc,Pharmaceuticals,Not Found,Not Found,No
whitehawk therapeutics inc,Biotechnology,"$100M, PIPE Financing",https://www.biospace.com/press-releases/aadi-bioscience-relaunches-as-whitehawk-therapeutics-marking-evolution-into-adc-company,No
whitman-walker health,Others,Not Found,Not Found,No
whittingham cancer center,Others,Not Found,Not Found,No
wihuri research institute,Biotechnology,"$2M, Not Found",https://wihurinrahasto.fi/en/wihuri-research-institute/,No
wilderman medical clinic,Others,Not Found,Not Found,No
wilford hall medical center,Others,Not Found,Not Found,No
wilhelminenspitals,Others,Not Found,Not Found,No
william beaumont hospital,Others,Not Found,Not Found,No
william buckland radiotherapy centre,Others,Not Found,Not Found,No
william osler health system,Others,Not Found,Not Found,No
williamson eye center,Others,Not Found,Not Found,No
wills eye hospital,Others,Not Found,Not Found,No
winsantor inc,Biotechnology,"$1.2M, Seed",https://p2pmarketdata.com/companies/winsantor/,No
windlas biotech ltd,Pharmaceuticals,Not Found,Not Found,No
windsor dermatology,Others,Not Found,Not Found,No
winmedica sa,Pharmaceuticals,Not Found,Not Found,No
wirral university teaching hospital nhs foundation trust,Others,Not Found,Not Found,No
wisconsin oncology network,Others,Not Found,Not Found,No
wisdom pharmaceutical co ltd,Pharmaceuticals,Not Found,Not Found,No
wiseman research llc,Biotechnology,Not Found,Not Found,No
withers pharmaceutical co ltd,Pharmaceuticals,Not Found,Not Found,No
withus pharmaceutical co ltd,Pharmaceuticals,Not Found,Not Found,No
wits health consortium pty ltd,Others,"$38.48M, Not Found",https://taggs.hhs.gov/Detail/RecipDetail?arg_EntityId=Xuc8PDjKnJnpS1KQZJqkNQ%3D%3D,Yes
wits reproductive health and hiv institute,Others,Not Found,Not Found,Yes
woerwag pharma gmbh & co kg,Pharmaceuticals,Not Found,Not Found,No
woke pharmaceuticals pty ltd,Pharmaceuticals,"$5M, Not Found",https://www.swinburne.edu.au/news/2023/01/Australias-biggest-research-trial-using-psychedelics-to-treat-depression-to-commence-in-2023/,No
wolaita sodo university,Others,Not Found,Not Found,No
wolfson medical center,Error,Error,Error,Error
woman''s health university hospital,Others,Not Found,Not Found,No
women and children’s hospital of jiaxing,Others,Not Found,Not Found,No
women on web international foundation,Others,Not Found,Not Found,No
women''s clinic jinno,Others,Not Found,Not Found,No
women''s college hospital,Not Found,Not Found,Not Found,Unknown
women''s health research institute,Others,"$13M, Not Found",https://ca.linkedin.com/company/women-s-health-research-institute,No
women''s and children''s health network,Others,Not Found,Not Found,Yes
women's college hospital,Others,Not Found,Not Found,No
"women's hospital school of medicine, zhejiang university",Others,Not Found,Not Found,No
wonju severance christian hospital,Others,Not Found,Not Found,No
wonkwang pharmaceutical co ltd,Not Found,Not Found,Not Found,Unknown
wonkwang university daejeon dental hospital,Others,Not Found,Not Found,Yes
wonkwang university guangju medical center,Others,Not Found,Not Found,No
wonkwang university hospital,Others,Not Found,Not Found,No
wonkwang university oriental hospital,Others,Not Found,Not Found,No
woolcock institute of medical research,Others,Not Found,Not Found,No
woolsey pharmaceuticals inc,Pharmaceuticals,"$10M, Series B",https://www.prnewswire.com/news-releases/woolsey-pharmaceuticals-completes-b-round-extension-to-advance-its-als-program-302385983.html,No
worg pharmaceuticals hangzhou co ltd,Biotechnology,Not Found,Not Found,No
world health organization,Others,Not Found,Not Found,No
"world health organization;fundacion para la investigacion biomedica hospital clinico san carlos;oslo university hospital;ministry of health and medical education, iran;peruvian cayetano heredia university;masaryk university;gesundheit nord grundstucks gmbh &; co kg;ministry of public health republic of lebanon;united arab emirates university;dubai health authority;tawam hospital;indonesian state intelligence agency;the university of the west indies;al ain hospital;university of sharjah",Not Found,Not Found,Not Found,Unknown
"world health organization;oslo university hospital;university of sharjah;al ain hospital;the university of the west indies;dubai health authority;peruvian cayetano heredia university;fundacion para la investigacion biomedica hospital clinico san carlos;ministry of health and medical education, iran;masaryk university;gesundheit nord grundstucks gmbh &; co kg;united arab emirates university;tawam hospital;indonesian state intelligence agency;ministry of public health republic of lebanon",Not Found,Not Found,Not Found,Unknown
"world health organization;oslo university hospital;university of sharjah;al ain hospital;the university of the west indies;indonesian state intelligence agency;tawam hospital;dubai health authority;united arab emirates university;ministry of public health republic of lebanon;gesundheit nord grundstucks gmbh &; co kg;masaryk university;peruvian cayetano heredia university;ministry of health and medical education, iran;fundacion para la investigacion biomedica hospital clinico san carlos",Not Found,Not Found,Not Found,Unknown
world institute of kimchi,Biotechnology,Not Found,Not Found,No
world laparoscopy hospital,Others,Not Found,Not Found,No
world medicine ilac sanayi ve tic as,Pharmaceuticals,Not Found,Not Found,No
world vision international inc,Others,Not Found,Not Found,No
world vision uganda,Others,Not Found,Not Found,No
worwag pharma gmbh & co kg,Pharmaceuticals,Not Found,Not Found,No
worwag pharma gmbh &,Pharmaceuticals,Not Found,Not Found,No
wright state physicians inc,Others,Not Found,Not Found,No
wright state university,Others,Not Found,Not Found,Yes
wroclaw university of science and technology,Others,Not Found,Not Found,No
wu jieping medical foundation,Others,"$100,000, Not Found",https://hscnews.usc.edu/wu-jieping-medical-foundation-gives-100000-to-support-cancer-therapy-research,No
wuhan aier eye hospital,Not Found,Not Found,Not Found,Unknown
wuhan asia heart hospital,Others,"$150M, Growth Equity",https://www.cbinsights.com/company/hk-asia-heart-center,No
wuhan central hospital,Others,Not Found,Not Found,No
wuhan children''s hospital,Others,Not Found,Not Found,Yes
wuhan eastcom pharmaceutical technology co ltd,Pharmaceuticals,Not Found,Not Found,No
wuhan famaxing pharmaceutical co ltd,Pharmaceuticals,Not Found,Not Found,No
wuhan general hospital of guangzhou military command,Others,Not Found,Not Found,No
wuhan grand pharmaceutical group co ltd,Pharmaceuticals,Not Found,Not Found,No
wuhan hospital 4,Others,Not Found,Not Found,Yes
wuhan hospital of traditional chinese medicine,Others,Not Found,Not Found,No
wuhan hospital of traditional chinese and western medicine,Others,Not Found,Not Found,No
wuhan huabenhui pharmaceutical development co ltd,Pharmaceuticals,Not Found,Not Found,No
wuhan huaer biotechnology co ltd,Biotechnology,Not Found,Not Found,No
wuhan humanwell likang pharmaceutical co ltd,Pharmaceuticals,Not Found,Not Found,No
wuhan integrated traditional chinese and western medicine hospital,Others,Not Found,Not Found,No
wuhan jiuan pharmaceutical co ltd,Pharmaceuticals,Not Found,Not Found,Yes
wuhan jiulong pharmaceutical co ltd,Pharmaceuticals,Not Found,Not Found,Yes
wuhan jiulong renfu pharmaceutical co ltd,Pharmaceuticals,Not Found,Not Found,No
wuhan langlai technology development co ltd,Pharmaceuticals,"$10M, Series A",https://www.createrna.com/en/news-activity/news-center/news/43.html,No
wuhan lyric robot pharmaceutical technology co ltd,Others,Not Found,Not Found,Yes
wuhan mayinglong pharmacy co ltd,Pharmaceuticals,Not Found,Not Found,No
wuhan mental health center,Others,Not Found,Not Found,No
wuhan no.1 hospital,Others,Not Found,Not Found,No
wuhan pharmastar pharmaceutical co ltd,Pharmaceuticals,Not Found,Not Found,No
wuhan puren hospital,Others,Not Found,Not Found,Yes
wuhan qirui pharmaceutical co ltd,Pharmaceuticals,Not Found,Not Found,Yes
wuhan renfu pharmaceutical co ltd,Pharmaceuticals,Not Found,Not Found,Yes
wuhan sixth hospital,Others,Not Found,Not Found,No
wuhan third hospital,Others,Not Found,Not Found,No
wuhan tianan pharmaceutical technology co ltd,Pharmaceuticals,Not Found,Not Found,No
wuhan union hospital,Others,Not Found,Not Found,No
wuhan university of science and technology,Others,Not Found,Not Found,No
wuhan via pharmaceutical co ltd,Pharmaceuticals,Not Found,Not Found,No
wuhan wuchang hospital,Others,Not Found,Not Found,No
wuhan wudong hospital,Others,Not Found,Not Found,No
